File,Voltage_Below_2.8V,Voltage_Above_4.2V,Current_Below_-6A,Current_Above_3A,Temperature_Below_-20C,Temperature_Above_40C
585_C20DisCh.csv,1,0,0,0,0,0
585_Dis_0p5C.csv,1,0,0,1,0,0
585_Dis_2C.csv,1,0,0,0,0,0
585_HPPC.csv,6,4,1677,53,0,0
589_Cap_1C.csv,2,0,0,0,0,0
589_Charge1.csv,0,0,0,0,0,0
589_Charge2.csv,0,0,0,3,0,0
589_Charge3.csv,0,0,0,0,0,0
589_Charge4.csv,0,0,0,0,0,0
589_Charge5.csv,0,0,0,0,0,0
589_Charge6.csv,0,0,0,3,0,0
589_Charge7.csv,0,0,0,0,0,0
589_Charge8.csv,0,0,0,1,0,0
589_HWFET.csv,0,3,119,8,0,0
589_LA92.csv,12,10,2905,114,0,0
589_Mixed1.csv,190,22,2548,105,0,0
589_Mixed2.csv,0,27,2530,62,0,0
589_UDDS.csv,0,10,869,70,0,0
589_US06.csv,402,2,5967,107,0,0
590_Charge10.csv,0,0,0,0,0,0
590_Charge11.csv,0,0,0,0,0,0
590_Charge12.csv,0,0,0,3,0,0
590_Charge13.csv,0,0,0,1,0,0
590_Charge14.csv,0,0,0,1,0,0
590_Charge15.csv,0,0,0,0,0,0
590_Charge16.csv,1,0,0,0,0,0
590_Mixed4.csv,323,2,3067,135,0,0
590_Mixed5.csv,117,16,2451,131,0,0
590_Mixed6.csv,167,19,3330,113,0,0
590_Mixed7.csv,263,0,3302,83,0,0
590_Mixed8.csv,58,12,2846,83,0,0
590_PausCycl.csv,0,16,112,7,0,0
567_Charge6.csv,0,0,0,1,0,0
567_Charge7.csv,0,0,0,2,0,0
567_Charge8.csv,0,0,0,3,0,0
567_Mixed1.csv,99,9,3171,2708,0,0
567_Mixed2.csv,171,21,2694,2871,0,0
567_US06.csv,50,8,6504,3445,0,0
571_Cap_1C.csv,2,0,0,0,0,0
571_Charge10.csv,0,0,0,2,0,0
571_Charge11.csv,0,0,0,3,0,0
571_Charge12.csv,0,0,0,3,0,0
571_Charge13.csv,0,0,0,1,0,0
571_Charge14.csv,0,0,0,1,0,0
571_Charge15.csv,0,0,0,2,0,0
571_Charge16.csv,0,0,0,0,0,0
571_Mixed4.csv,3,4,3158,2833,0,0
571_Mixed5.csv,10,13,2790,2537,0,0
571_Mixed6.csv,0,14,3064,2769,0,0
571_Mixed7.csv,0,0,3120,3001,0,0
571_Mixed8.csv,0,23,2536,2841,0,0
571_PausCycl.csv,0,10,92,208,0,0
575_C20DisCh.csv,1,0,0,0,0,0
575_Dis_0p5C.csv,1,0,0,0,0,0
575_Dis_2C.csv,1,0,0,0,0,0
575_HPPC.csv,5,6,1929,1936,0,0
576_Cap_1C.csv,2,0,0,0,0,0
576_Charge1.csv,0,0,0,0,0,0
576_Charge2.csv,0,0,0,0,0,0
576_Charge3.csv,0,0,0,1,0,0
576_Charge4.csv,0,0,0,0,0,0
576_HWFET.csv,0,0,102,735,0,0
576_UDDS.csv,0,6,870,2628,0,0
582_LA92.csv,0,19,3154,4334,0,0
549_C20DisCh.csv,1,1,0,0,0,0
549_Charge.csv,0,0,0,5,0,0
549_Dis_0p5C.csv,1,0,0,0,0,0
549_Dis_2C.csv,1,0,0,0,0,0
549_HPPC.csv,7,4,2058,2329,0,0
551_Cap_1C.csv,2,0,0,0,0,0
551_Charge1.csv,0,0,0,0,0,0
551_Charge2.csv,0,0,0,1,0,0
551_Charge3.csv,0,0,0,1,0,0
551_Charge4.csv,0,0,0,0,0,0
551_Charge5.csv,0,0,0,1,0,0
551_Charge6.csv,0,0,0,1,0,0
551_Charge7.csv,0,0,0,8,0,0
551_Charge8.csv,0,0,0,6,0,0
551_HWFET.csv,0,0,0,0,0,0
551_LA92.csv,0,14,3119,4791,0,0
551_Mixed1.csv,0,6,3140,2944,0,0
551_Mixed2.csv,48,15,2950,2989,0,0
551_UDDS.csv,0,0,814,2873,0,0
551_US06.csv,6,7,6650,3525,0,0
552_Cap_1C.csv,2,0,0,0,0,0
552_Charge10.csv,0,0,0,2,0,0
552_Charge11.csv,0,0,0,4,0,0
552_Charge12.csv,0,0,0,5,0,0
552_Charge13.csv,0,0,0,4,0,0
552_Charge14.csv,0,0,0,7,0,0
552_Charge15.csv,0,0,0,1,0,0
552_Charge16.csv,1,0,0,0,0,0
552_Charge9.csv,0,0,0,3,0,0
552_Mixed3.csv,0,9,3434,3336,0,0
552_Mixed4.csv,0,0,3411,3357,0,0
552_Mixed5.csv,27,4,3318,3020,0,0
552_Mixed6.csv,0,6,2879,2873,0,0
552_Mixed7.csv,0,0,2916,3047,0,0
552_Mixed8.csv,35,14,2542,3114,0,0
552_PausCycl.csv,0,2,0,0,0,0
555_C20DisCh.csv,1,0,0,0,0,0
555_Dis_0p5C.csv,1,0,0,5,0,0
555_Dis_2C.csv,1,0,0,6,0,17
555_HPPC.csv,4,2,2053,2285,0,0
556_Charge1.csv,0,0,0,0,0,0
556_Charge2.csv,0,0,0,5,0,0
556_Charge3.csv,0,0,0,9,0,0
556_Charge4.csv,0,0,0,3,0,0
556_Charge5.csv,0,0,0,4,0,0
556_Charge6.csv,0,0,0,11,0,0
556_Charge7.csv,0,0,0,9,0,0
556_Charge8.csv,0,0,0,2,0,0
556_HWFET.csv,0,0,103,790,0,0
556_LA92.csv,0,9,3000,4729,0,0
556_Mixed1.csv,0,5,3022,2777,0,1000
556_Mixed2.csv,0,9,2780,2985,0,702
556_UDDS.csv,0,0,773,2887,0,0
556_US06.csv,0,4,6392,3543,0,4269
557_Cap_1C.csv,2,0,0,0,0,0
557_Charge10.csv,1,0,0,0,0,0
557_Charge9.csv,0,0,0,4,0,0
557_Mixed3.csv,0,4,3098,2860,0,0
562_Charge10.csv,0,0,0,7,0,0
562_Charge11.csv,0,0,0,0,0,0
562_Charge12.csv,0,0,0,0,0,0
562_Charge13.csv,0,0,0,0,0,0
562_Charge14.csv,0,0,0,0,0,0
562_Charge15.csv,0,0,0,0,0,0
562_Charge16.csv,0,0,0,0,0,0
562_Mixed4.csv,0,0,30,130,0,0
562_Mixed5.csv,0,12,290,284,0,0
562_Mixed6.csv,0,10,341,263,0,0
562_Mixed7.csv,0,0,297,20,0,0
562_Mixed8.csv,0,20,197,227,0,0
562_PausCycl.csv,0,3,0,0,0,0
593_C20DisCh.csv,1,0,0,0,0,0
593_Dis_0p5C.csv,1,0,0,1,0,0
593_Dis_2C.csv,1,0,0,2,0,0
593_HPPC.csv,6,8,753,63,0,0
596_Cap_1C.csv,2,0,0,0,0,0
596_Charge1.csv,0,0,0,0,0,0
596_Charge2.csv,0,0,0,2,0,0
596_Charge3.csv,0,0,0,1,0,0
596_Charge4.csv,0,0,0,2,0,0
596_Charge5.csv,0,0,0,0,0,0
596_HWFET.csv,67,2,209,2,0,0
596_LA92.csv,377,22,2860,142,0,0
596_UDDS.csv,25,35,951,31,0,0
601_Charge6.csv,0,0,0,1,0,0
601_Charge7.csv,0,0,0,1,0,0
601_Charge8.csv,0,0,0,3,0,0
601_Mixed1.csv,38,26,2158,62,0,0
601_Mixed2.csv,428,45,2705,52,0,0
601_US06.csv,908,23,5768,130,0,0
602_Cap_1C.csv,2,0,0,0,0,0
602_Charge10.csv,0,0,0,2,0,0
602_Charge11.csv,0,0,0,1,0,0
602_Charge12.csv,0,0,0,0,0,0
602_Charge17.csv,0,0,0,0,0,0
602_Mixed4.csv,384,4,2406,61,0,0
602_Mixed5.csv,401,48,2642,60,0,0
604_Charge10.csv,0,0,0,2,0,0
604_Charge13.csv,0,0,0,2,0,0
604_Charge14.csv,0,0,0,1,0,0
604_Charge15.csv,0,0,0,1,0,0
604_Charge16.csv,0,0,0,0,0,0
604_Charge17.csv,0,0,0,0,0,0
604_Charge9.csv,0,0,0,2,0,0
604_Mixed3.csv,601,9,2515,79,0,0
604_Mixed6.csv,1128,28,2856,61,0,0
604_Mixed7.csv,722,0,3137,51,0,0
604_Mixed8.csv,314,39,2668,48,0,0
604_PausCycl.csv,0,40,125,0,0,0
607_C20DisCh.csv,1,1,0,0,777,0
607_Dis_0p5C.csv,1,0,0,2,15,0
607_Dis_2C.csv,1,0,0,0,0,0
607_HPPC.csv,3,8,0,1,1983,0
610_Cap_1C.csv,2,0,0,0,0,0
610_Charge1.csv,0,0,0,0,0,0
610_Charge2.csv,0,0,0,1,0,0
610_Charge3.csv,0,0,0,1,3,0
610_Charge4.csv,0,0,0,2,0,0
610_Charge5.csv,0,0,0,0,2,0
610_Charge6.csv,0,0,0,0,2,0
610_Charge7.csv,0,0,0,2,2,0
610_Charge8.csv,0,0,0,0,0,0
610_HWFET.csv,574,1,0,0,0,0
610_LA92.csv,370,19,0,0,0,0
610_Mixed1.csv,540,41,6,0,0,0
610_Mixed2.csv,815,44,5,0,0,0
610_UDDS.csv,160,104,0,0,27,0
610_US06.csv,1140,158,12,0,0,0
611_Cap_1C.csv,2,0,0,0,3,0
611_Charge10.csv,0,0,0,1,0,0
611_Charge11.csv,0,0,0,0,0,0
611_Charge12.csv,0,0,0,1,1,0
611_Charge13.csv,0,0,0,1,1,0
611_Charge14.csv,0,0,0,1,0,0
611_Charge15.csv,0,0,0,0,1,0
611_Charge17.csv,0,0,0,0,16,0
611_Charge9.csv,0,0,0,2,0,0
611_Mixed3.csv,85,9,4,0,494,0
611_Mixed4.csv,253,17,2,0,0,0
611_Mixed5.csv,66,36,1,0,41,0
611_Mixed6.csv,485,25,4,0,0,0
611_Mixed7.csv,169,0,2,0,4,0
611_Mixed8.csv,920,18,2,0,0,0
611_PausCycl.csv,0,97,0,0,69,0
