File,Column,Minimum,Maximum
585_C20DisCh.csv,Voltage,2.79993,4.19995
585_C20DisCh.csv,Current,-0.15325,0.15069
585_C20DisCh.csv,Temperature,-3.36507,1.2619
585_C20DisCh.csv,Capacity,-2.59862,0.08825
585_C20DisCh.csv,WhAccu,-9.67428,0.53227
585_C20DisCh.csv,Cnt,13.0,13.0
585_C20DisCh.csv,Power,-0.6379383725,0.6317482353
585_Dis_0p5C.csv,Voltage,2.79993,4.19995
585_Dis_0p5C.csv,Current,-1.49925,3.00108
585_Dis_0p5C.csv,Temperature,-0.73611,25.02773
585_Dis_0p5C.csv,Capacity,-2.4116,2.5375
585_Dis_0p5C.csv,WhAccu,-8.44622,9.94823
585_Dis_0p5C.csv,Cnt,14.0,15.0
585_Dis_0p5C.csv,Power,-5.987494755,12.562341435
585_Dis_2C.csv,Voltage,2.79993,4.19995
585_Dis_2C.csv,Current,-5.99956,2.99853
585_Dis_2C.csv,Temperature,-0.63095,25.02773
585_Dis_2C.csv,Capacity,-2.3645,2.37414
585_Dis_2C.csv,WhAccu,-7.89395,9.37229
585_Dis_2C.csv,Cnt,16.0,18.0
585_Dis_2C.csv,Power,-22.191472506,12.578533496999999
585_HPPC.csv,Voltage,2.79336,4.20012
585_HPPC.csv,Current,-18.00122,3.00364
585_HPPC.csv,Temperature,-1.36706,25.02773
585_HPPC.csv,Capacity,-2.54624,2.57636
585_HPPC.csv,WhAccu,-8.82341,10.08455
585_HPPC.csv,Cnt,12.0,13.0
585_HPPC.csv,Power,-63.0580936478,12.592686558600002
589_Cap_1C.csv,Voltage,2.79993,4.19169
589_Cap_1C.csv,Current,-3.00106,0.0
589_Cap_1C.csv,Temperature,-0.63095,2.20833
589_Cap_1C.csv,Capacity,-2.47337,0.0
589_Cap_1C.csv,WhAccu,-8.59067,0.0
589_Cap_1C.csv,Cnt,1.0,1.0
589_Cap_1C.csv,Power,-11.7338144834,0.0
589_Charge1.csv,Voltage,4.18478,4.19979
589_Charge1.csv,Current,0.0,0.189
589_Charge1.csv,Temperature,-0.73611,23.97615
589_Charge1.csv,Capacity,0.0,0.01126
589_Charge1.csv,WhAccu,0.0,0.04731
589_Charge1.csv,Cnt,1.0,2.0
589_Charge1.csv,Power,0.0,0.79376031
589_Charge2.csv,Voltage,3.24756,4.19995
589_Charge2.csv,Current,0.0,3.00108
589_Charge2.csv,Temperature,-0.63095,25.13289
589_Charge2.csv,Capacity,0.0,2.47614
589_Charge2.csv,WhAccu,0.0,9.73386
589_Charge2.csv,Cnt,1.0,2.0
589_Charge2.csv,Power,0.0,12.5775139968
589_Charge3.csv,Voltage,3.34938,4.19995
589_Charge3.csv,Current,0.0,2.99853
589_Charge3.csv,Temperature,-0.63095,25.13289
589_Charge3.csv,Capacity,0.0,2.38075
589_Charge3.csv,WhAccu,0.0,9.39486
589_Charge3.csv,Cnt,2.0,3.0
589_Charge3.csv,Power,0.0,12.572956231200001
589_Charge4.csv,Voltage,3.39371,4.19995
589_Charge4.csv,Current,0.0,2.99853
589_Charge4.csv,Temperature,-0.73611,24.92257
589_Charge4.csv,Capacity,0.0,2.36255
589_Charge4.csv,WhAccu,0.0,9.32884
589_Charge4.csv,Cnt,3.0,4.0
589_Charge4.csv,Power,0.0,12.529507531500002
589_Charge5.csv,Voltage,3.35528,4.19995
589_Charge5.csv,Current,0.0,2.99853
589_Charge5.csv,Temperature,-0.73611,25.23805
589_Charge5.csv,Capacity,0.0,2.37113
589_Charge5.csv,WhAccu,0.0,9.35884
589_Charge5.csv,Cnt,4.0,5.0
589_Charge5.csv,Power,0.0,12.5851002777
589_Charge6.csv,Voltage,3.39051,4.19995
589_Charge6.csv,Current,0.0,3.00108
589_Charge6.csv,Temperature,-0.73611,25.02773
589_Charge6.csv,Capacity,0.0,2.3709
589_Charge6.csv,WhAccu,0.0,9.35801
589_Charge6.csv,Cnt,5.0,6.0
589_Charge6.csv,Power,0.0,12.5840807775
589_Charge7.csv,Voltage,3.37736,4.19995
589_Charge7.csv,Current,0.0,2.99853
589_Charge7.csv,Temperature,-0.73611,25.02773
589_Charge7.csv,Capacity,0.0,2.36642
589_Charge7.csv,WhAccu,0.0,9.34108
589_Charge7.csv,Cnt,6.0,7.0
589_Charge7.csv,Power,0.0,12.589658043300002
589_Charge8.csv,Voltage,3.35578,4.19995
589_Charge8.csv,Current,0.0,3.00108
589_Charge8.csv,Temperature,-0.94643,24.92257
589_Charge8.csv,Capacity,0.0,2.36576
589_Charge8.csv,WhAccu,0.0,9.338
589_Charge8.csv,Cnt,7.0,8.0
589_Charge8.csv,Power,0.0,12.5916670584
589_HWFET.csv,Voltage,2.93663,4.20113
589_HWFET.csv,Current,-7.3098,3.00108
589_HWFET.csv,Temperature,-0.73611,1.57738
589_HWFET.csv,Capacity,-2.34978,-0.0
589_HWFET.csv,WhAccu,-8.31747,-0.0
589_HWFET.csv,Cnt,3.0,3.0
589_HWFET.csv,Power,-22.5224082938,12.4137342882
589_LA92.csv,Voltage,2.79976,4.20164
589_LA92.csv,Current,-13.56732,3.05217
589_LA92.csv,Temperature,-0.73611,1.47222
589_LA92.csv,Capacity,-2.34988,-0.0
589_LA92.csv,WhAccu,-8.11747,-0.0
589_LA92.csv,Cnt,4.0,4.0
589_LA92.csv,Power,-38.783176538,12.5921768085
589_Mixed1.csv,Voltage,2.79858,4.20164
589_Mixed1.csv,Current,-15.83535,3.07004
589_Mixed1.csv,Temperature,-0.73611,2.94444
589_Mixed1.csv,Capacity,-2.34975,-0.0
589_Mixed1.csv,WhAccu,-8.13481,-0.0
589_Mixed1.csv,Cnt,6.0,6.0
589_Mixed1.csv,Power,-50.8452502545,12.588128793000001
589_Mixed2.csv,Voltage,2.87544,4.20215
589_Mixed2.csv,Current,-17.05876,3.04706
589_Mixed2.csv,Temperature,-0.63095,2.31349
589_Mixed2.csv,Capacity,-2.34979,0.0002
589_Mixed2.csv,WhAccu,-8.13989,0.00084
589_Mixed2.csv,Cnt,7.0,7.0
589_Mixed2.csv,Power,-50.8083225468,12.5987399232
589_UDDS.csv,Voltage,2.98905,4.20181
589_UDDS.csv,Current,-9.12065,3.00108
589_UDDS.csv,Temperature,-0.73611,0.42063
589_UDDS.csv,Capacity,-2.34974,-0.0
589_UDDS.csv,WhAccu,-8.32852,-1e-05
589_UDDS.csv,Cnt,2.0,2.0
589_UDDS.csv,Power,-27.3674135064,12.591157308300001
589_US06.csv,Voltage,2.7947,4.20012
589_US06.csv,Current,-17.61045,3.05983
589_US06.csv,Temperature,-0.63095,3.89087
589_US06.csv,Capacity,-2.34982,-0.0
589_US06.csv,WhAccu,-7.79154,-0.0
589_US06.csv,Cnt,5.0,5.0
589_US06.csv,Power,-50.8463816652,12.590647558200002
590_Charge10.csv,Voltage,3.24369,4.19995
590_Charge10.csv,Current,0.0,2.99853
590_Charge10.csv,Temperature,-0.73611,25.13289
590_Charge10.csv,Capacity,0.0,2.46155
590_Charge10.csv,WhAccu,0.0,9.68098
590_Charge10.csv,Cnt,1.0,2.0
590_Charge10.csv,Power,0.0,12.533525561700001
590_Charge11.csv,Voltage,3.41158,4.19995
590_Charge11.csv,Current,0.0,2.99853
590_Charge11.csv,Temperature,-0.63095,25.13289
590_Charge11.csv,Capacity,0.0,2.34513
590_Charge11.csv,WhAccu,0.0,9.26562
590_Charge11.csv,Cnt,2.0,3.0
590_Charge11.csv,Power,0.0,12.5532558891
590_Charge12.csv,Voltage,3.39219,4.19995
590_Charge12.csv,Current,0.0,3.00108
590_Charge12.csv,Temperature,-0.84127,25.13289
590_Charge12.csv,Capacity,0.0,2.34284
590_Charge12.csv,WhAccu,0.0,9.25621
590_Charge12.csv,Cnt,3.0,4.0
590_Charge12.csv,Power,0.0,12.5562844044
590_Charge13.csv,Voltage,3.38494,4.19995
590_Charge13.csv,Current,0.0,3.00108
590_Charge13.csv,Temperature,-0.63095,25.13289
590_Charge13.csv,Capacity,0.0,2.34598
590_Charge13.csv,WhAccu,0.0,9.26673
590_Charge13.csv,Cnt,4.0,5.0
590_Charge13.csv,Power,0.0,12.562911020400001
590_Charge14.csv,Voltage,3.38225,4.19995
590_Charge14.csv,Current,0.0,3.00108
590_Charge14.csv,Temperature,-0.73611,25.13289
590_Charge14.csv,Capacity,0.0,2.34336
590_Charge14.csv,WhAccu,0.0,9.2567
590_Charge14.csv,Cnt,5.0,6.0
590_Charge14.csv,Power,0.0,12.555264904200001
590_Charge15.csv,Voltage,3.36151,4.19995
590_Charge15.csv,Current,0.0,2.99853
590_Charge15.csv,Temperature,-0.52579,25.13289
590_Charge15.csv,Capacity,0.0,2.34717
590_Charge15.csv,WhAccu,0.0,9.26999
590_Charge15.csv,Cnt,6.0,7.0
590_Charge15.csv,Power,0.0,12.5517266388
590_Charge16.csv,Voltage,0.0,4.19995
590_Charge16.csv,Current,0.0,2.99853
590_Charge16.csv,Temperature,-0.63095,24.50194
590_Charge16.csv,Capacity,0.0,0.37897
590_Charge16.csv,WhAccu,0.0,1.58957
590_Charge16.csv,Cnt,7.0,8.0
590_Charge16.csv,Power,0.0,12.5780237469
590_Mixed4.csv,Voltage,2.79268,4.20029
590_Mixed4.csv,Current,-17.58235,3.0445
590_Mixed4.csv,Temperature,-0.63095,3.47023
590_Mixed4.csv,Capacity,-2.32761,-3e-05
590_Mixed4.csv,WhAccu,-8.01676,-0.00014
590_Mixed4.csv,Cnt,2.0,2.0
590_Mixed4.csv,Power,-50.85121264719999,12.5921768085
590_Mixed5.csv,Voltage,2.79942,4.204
590_Mixed5.csv,Current,-16.19037,3.05472
590_Mixed5.csv,Temperature,-0.63095,2.10317
590_Mixed5.csv,Capacity,-2.32759,-0.0
590_Mixed5.csv,WhAccu,-8.06105,-0.0
590_Mixed5.csv,Cnt,3.0,3.0
590_Mixed5.csv,Power,-50.83079994090001,12.6013548552
590_Mixed6.csv,Voltage,2.79892,4.20248
590_Mixed6.csv,Current,-17.10729,3.00875
590_Mixed6.csv,Temperature,-0.84127,3.78571
590_Mixed6.csv,Capacity,-2.32761,-0.0
590_Mixed6.csv,WhAccu,-7.9615,-0.0
590_Mixed6.csv,Cnt,4.0,4.0
590_Mixed6.csv,Power,-50.8482504801,12.5865995427
590_Mixed7.csv,Voltage,2.79807,4.19995
590_Mixed7.csv,Current,-16.71141,3.05472
590_Mixed7.csv,Temperature,-0.52579,3.25991
590_Mixed7.csv,Capacity,-2.32774,-0.0
590_Mixed7.csv,WhAccu,-7.97712,-0.0
590_Mixed7.csv,Cnt,5.0,5.0
590_Mixed7.csv,Power,-50.8491037548,12.483276544699999
590_Mixed8.csv,Voltage,2.79959,4.20147
590_Mixed8.csv,Current,-17.99867,3.05472
590_Mixed8.csv,Temperature,-0.73611,2.94444
590_Mixed8.csv,Capacity,-2.32759,-4e-05
590_Mixed8.csv,WhAccu,-8.0188,-0.00015
590_Mixed8.csv,Cnt,6.0,6.0
590_Mixed8.csv,Power,-50.7583288836,12.640186982400001
590_PausCycl.csv,Voltage,3.64576,4.20467
590_PausCycl.csv,Current,-7.49881,3.00108
590_PausCycl.csv,Temperature,-0.63095,0.21032
590_PausCycl.csv,Capacity,-0.36756,-0.0
590_PausCycl.csv,WhAccu,-1.40877,-0.0
590_PausCycl.csv,Cnt,7.0,7.0
590_PausCycl.csv,Power,-27.3666982974,12.5921768085
567_Charge6.csv,Voltage,3.24099,4.19995
567_Charge6.csv,Current,0.0,3.00108
567_Charge6.csv,Temperature,8.93848,25.02773
567_Charge6.csv,Capacity,0.0,2.50266
567_Charge6.csv,WhAccu,0.0,9.8293
567_Charge6.csv,Cnt,6.0,7.0
567_Charge6.csv,Power,0.0,12.5375735772
567_Charge7.csv,Voltage,3.23593,4.19995
567_Charge7.csv,Current,0.0,3.00108
567_Charge7.csv,Temperature,8.83332,24.92257
567_Charge7.csv,Capacity,0.0,2.49771
567_Charge7.csv,WhAccu,0.0,9.81195
567_Charge7.csv,Cnt,7.0,8.0
567_Charge7.csv,Power,0.0,12.5456696082
567_Charge8.csv,Voltage,3.23694,4.19995
567_Charge8.csv,Current,0.0,3.00108
567_Charge8.csv,Temperature,9.04363,25.02773
567_Charge8.csv,Capacity,0.0,2.49921
567_Charge8.csv,WhAccu,0.0,9.81692
567_Charge8.csv,Cnt,8.0,9.0
567_Charge8.csv,Power,0.0,12.543660593100002
567_Mixed1.csv,Voltage,2.79689,4.20181
567_Mixed1.csv,Current,-16.41769,6.00472
567_Mixed1.csv,Temperature,8.83332,12.61902
567_Mixed1.csv,Capacity,-2.47964,-0.0
567_Mixed1.csv,WhAccu,-8.6799,-0.0
567_Mixed1.csv,Cnt,7.0,7.0
567_Mixed1.csv,Power,-50.8636400302,25.03472697
567_Mixed2.csv,Voltage,2.79605,4.20383
567_Mixed2.csv,Current,-15.48289,6.00217
567_Mixed2.csv,Temperature,8.93848,11.6726
567_Mixed2.csv,Capacity,-2.47958,0.00052
567_Mixed2.csv,WhAccu,-8.72294,0.0022
567_Mixed2.csv,Cnt,8.0,8.0
567_Mixed2.csv,Power,-50.8541715206,25.1833341168
567_US06.csv,Voltage,2.79959,4.20501
567_US06.csv,Current,-18.07018,5.99961
567_US06.csv,Temperature,9.14879,12.40871
567_US06.csv,Capacity,-2.47956,-0.0
567_US06.csv,WhAccu,-8.41551,-0.0
567_US06.csv,Cnt,6.0,6.0
567_US06.csv,Power,-50.866153392399994,25.147951462800002
571_Cap_1C.csv,Voltage,2.79993,4.18748
571_Cap_1C.csv,Current,-3.00106,0.0
571_Cap_1C.csv,Temperature,-0.42063,9.14879
571_Cap_1C.csv,Capacity,-2.48507,0.0
571_Cap_1C.csv,WhAccu,-8.65449,0.0
571_Cap_1C.csv,Cnt,1.0,1.0
571_Cap_1C.csv,Power,-11.998257870000002,0.0
571_Charge10.csv,Voltage,3.24891,4.19995
571_Charge10.csv,Current,0.0,3.00108
571_Charge10.csv,Temperature,1.05159,25.02773
571_Charge10.csv,Capacity,0.0,2.49754
571_Charge10.csv,WhAccu,0.0,9.81099
571_Charge10.csv,Cnt,1.0,2.0
571_Charge10.csv,Power,0.0,12.5451598581
571_Charge11.csv,Voltage,3.37972,4.19995
571_Charge11.csv,Current,0.0,3.00108
571_Charge11.csv,Temperature,8.93848,25.02773
571_Charge11.csv,Capacity,0.0,2.38204
571_Charge11.csv,WhAccu,0.0,9.39967
571_Charge11.csv,Cnt,2.0,3.0
571_Charge11.csv,Power,0.0,12.565879700400002
571_Charge12.csv,Voltage,3.3836,4.19995
571_Charge12.csv,Current,0.0,3.00108
571_Charge12.csv,Temperature,9.04363,24.92257
571_Charge12.csv,Capacity,0.0,2.38171
571_Charge12.csv,WhAccu,0.0,9.39811
571_Charge12.csv,Cnt,3.0,4.0
571_Charge12.csv,Power,0.0,12.5668992006
571_Charge13.csv,Voltage,3.34432,4.19995
571_Charge13.csv,Current,0.0,3.00108
571_Charge13.csv,Temperature,8.83332,25.02773
571_Charge13.csv,Capacity,0.0,2.39281
571_Charge13.csv,WhAccu,0.0,9.43717
571_Charge13.csv,Cnt,4.0,5.0
571_Charge13.csv,Power,0.0,12.552746139000002
571_Charge14.csv,Voltage,3.3482,4.19995
571_Charge14.csv,Current,0.0,3.00108
571_Charge14.csv,Temperature,8.83332,25.13289
571_Charge14.csv,Capacity,0.0,2.38568
571_Charge14.csv,WhAccu,0.0,9.41096
571_Charge14.csv,Cnt,5.0,6.0
571_Charge14.csv,Power,0.0,12.5633609352
571_Charge15.csv,Voltage,3.34702,4.19995
571_Charge15.csv,Current,0.0,3.00108
571_Charge15.csv,Temperature,8.93848,24.92257
571_Charge15.csv,Capacity,0.0,2.38496
571_Charge15.csv,WhAccu,0.0,9.40786
571_Charge15.csv,Cnt,6.0,7.0
571_Charge15.csv,Power,0.0,12.563870685300001
571_Charge16.csv,Voltage,4.07437,4.19995
571_Charge16.csv,Current,0.0,2.99853
571_Charge16.csv,Temperature,9.04363,24.29162
571_Charge16.csv,Capacity,0.0,0.38621
571_Charge16.csv,WhAccu,0.0,1.61973
571_Charge16.csv,Cnt,7.0,8.0
571_Charge16.csv,Power,0.0,12.572956231200001
571_Mixed4.csv,Voltage,2.79976,4.20484
571_Mixed4.csv,Current,-18.09828,6.00472
571_Mixed4.csv,Temperature,9.04363,11.98807
571_Mixed4.csv,Capacity,-2.36085,-4e-05
571_Mixed4.csv,WhAccu,-8.32064,-0.00015
571_Mixed4.csv,Cnt,2.0,2.0
571_Mixed4.csv,Power,-50.8621144363,25.1731990854
571_Mixed5.csv,Voltage,2.79976,4.20821
571_Mixed5.csv,Current,-16.90296,5.99961
571_Mixed5.csv,Temperature,9.14879,11.6726
571_Mixed5.csv,Capacity,-2.36112,-0.0
571_Mixed5.csv,WhAccu,-8.35055,-0.0
571_Mixed5.csv,Cnt,3.0,3.0
571_Mixed5.csv,Power,-50.862673237799996,25.0362525378
571_Mixed6.csv,Voltage,2.9041,4.2399
571_Mixed6.csv,Current,-17.50317,5.99961
571_Mixed6.csv,Temperature,9.04363,11.6726
571_Mixed6.csv,Capacity,-2.3609,-0.0
571_Mixed6.csv,WhAccu,-8.31851,-0.0
571_Mixed6.csv,Cnt,4.0,4.0
571_Mixed6.csv,Power,-50.8650388785,24.9649811622
571_Mixed7.csv,Voltage,3.01096,4.19995
571_Mixed7.csv,Current,-16.88253,5.99961
571_Mixed7.csv,Temperature,9.04363,11.35712
571_Mixed7.csv,Capacity,-2.36088,-0.0
571_Mixed7.csv,WhAccu,-8.32401,-0.0
571_Mixed7.csv,Cnt,5.0,5.0
571_Mixed7.csv,Power,-50.8655308974,25.182314616600003
571_Mixed8.csv,Voltage,3.0472,4.22001
571_Mixed8.csv,Current,-16.04224,5.99961
571_Mixed8.csv,Temperature,8.93848,11.25196
571_Mixed8.csv,Capacity,-2.36084,-3e-05
571_Mixed8.csv,WhAccu,-8.36936,-0.00013
571_Mixed8.csv,Cnt,6.0,6.0
571_Mixed8.csv,Power,-50.847154632,25.1833341168
571_PausCycl.csv,Voltage,3.8069,4.20484
571_PausCycl.csv,Current,-7.18465,4.14788
571_PausCycl.csv,Temperature,8.623,9.8849
571_PausCycl.csv,Capacity,-0.37278,-0.0
571_PausCycl.csv,WhAccu,-1.46138,-0.0
571_PausCycl.csv,Cnt,7.0,7.0
571_PausCycl.csv,Power,-27.3704561436,17.405991950200004
575_C20DisCh.csv,Voltage,2.79993,4.19995
575_C20DisCh.csv,Current,-0.14814,0.14558
575_C20DisCh.csv,Temperature,8.623,9.46427
575_C20DisCh.csv,Capacity,-2.64881,0.04706
575_C20DisCh.csv,WhAccu,-9.8772,0.34483
575_C20DisCh.csv,Cnt,13.0,13.0
575_C20DisCh.csv,Power,-0.6166905246,0.6106440448
575_Dis_0p5C.csv,Voltage,2.79993,4.19995
575_Dis_0p5C.csv,Current,-1.45072,2.89892
575_Dis_0p5C.csv,Temperature,8.83332,24.81741
575_Dis_0p5C.csv,Capacity,-2.51684,2.58282
575_Dis_0p5C.csv,WhAccu,-8.99404,10.09786
575_Dis_0p5C.csv,Cnt,14.0,15.0
575_Dis_0p5C.csv,Power,-5.880410138599999,12.1684776028
575_Dis_2C.csv,Voltage,2.79993,4.19995
575_Dis_2C.csv,Current,-5.80034,2.89892
575_Dis_2C.csv,Temperature,8.93848,24.81741
575_Dis_2C.csv,Capacity,-2.49088,2.4981
575_Dis_2C.csv,WhAccu,-8.54826,9.80416
575_Dis_2C.csv,Cnt,16.0,18.0
575_Dis_2C.csv,Power,-22.1888526496,12.1435975356
575_HPPC.csv,Voltage,2.79993,4.20012
575_HPPC.csv,Current,-17.40101,5.80039
575_HPPC.csv,Temperature,8.623,24.81741
575_HPPC.csv,Capacity,-2.59535,2.6102
575_HPPC.csv,WhAccu,-9.1106,10.19524
575_HPPC.csv,Cnt,12.0,13.0
575_HPPC.csv,Power,-63.595297236899995,24.3271256795
576_Cap_1C.csv,Voltage,2.79993,4.1922
576_Cap_1C.csv,Current,-3.00106,0.0
576_Cap_1C.csv,Temperature,9.14879,11.04165
576_Cap_1C.csv,Capacity,-2.54654,0.0
576_Cap_1C.csv,WhAccu,-9.04676,0.0
576_Cap_1C.csv,Cnt,1.0,1.0
576_Cap_1C.csv,Power,-12.035300970999998,0.0
576_Charge1.csv,Voltage,4.18428,4.19995
576_Charge1.csv,Current,0.0,0.19922
576_Charge1.csv,Temperature,8.93848,23.76583
576_Charge1.csv,Capacity,0.0,0.01161
576_Charge1.csv,WhAccu,0.0,0.04878
576_Charge1.csv,Cnt,1.0,2.0
576_Charge1.csv,Power,0.0,0.8367140390000001
576_Charge2.csv,Voltage,3.14187,4.19995
576_Charge2.csv,Current,0.0,2.99853
576_Charge2.csv,Temperature,8.93848,24.81741
576_Charge2.csv,Capacity,0.0,2.54491
576_Charge2.csv,WhAccu,0.0,9.9742
576_Charge2.csv,Cnt,1.0,2.0
576_Charge2.csv,Power,0.0,12.549207873600002
576_Charge3.csv,Voltage,3.28633,4.19995
576_Charge3.csv,Current,0.0,3.00108
576_Charge3.csv,Temperature,8.83332,24.92257
576_Charge3.csv,Capacity,0.0,2.44115
576_Charge3.csv,WhAccu,0.0,9.61021
576_Charge3.csv,Cnt,2.0,3.0
576_Charge3.csv,Power,0.0,12.555264904200001
576_Charge4.csv,Voltage,3.30673,4.19995
576_Charge4.csv,Current,0.0,2.99853
576_Charge4.csv,Temperature,8.93848,24.81741
576_Charge4.csv,Capacity,0.0,2.4272
576_Charge4.csv,WhAccu,0.0,9.56022
576_Charge4.csv,Cnt,3.0,4.0
576_Charge4.csv,Power,0.0,12.5734659813
576_HWFET.csv,Voltage,3.00018,4.19995
576_HWFET.csv,Current,-6.88072,5.99961
576_HWFET.csv,Temperature,8.83332,10.41069
576_HWFET.csv,Capacity,-2.41923,-0.0
576_HWFET.csv,WhAccu,-8.73639,-0.0
576_HWFET.csv,Cnt,3.0,3.0
576_HWFET.csv,Power,-22.530739189000002,24.6526974135
576_UDDS.csv,Voltage,2.98214,4.2013
576_UDDS.csv,Current,-8.96485,5.07758
576_UDDS.csv,Temperature,8.93848,10.09522
576_UDDS.csv,Capacity,-2.41922,-0.0
576_UDDS.csv,WhAccu,-8.72141,-1e-05
576_UDDS.csv,Cnt,2.0,2.0
576_UDDS.csv,Power,-27.3732955065,17.8086978856
582_LA92.csv,Voltage,2.8837,4.23451
582_LA92.csv,Current,-13.23274,6.00217
582_LA92.csv,Temperature,8.93848,10.83133
582_LA92.csv,Capacity,-2.41503,-0.0
582_LA92.csv,WhAccu,-8.46247,-0.0
582_LA92.csv,Cnt,2.0,2.0
582_LA92.csv,Power,-38.787004952400004,25.181295116400005
549_C20DisCh.csv,Voltage,2.79993,4.20012
549_C20DisCh.csv,Current,-0.15325,0.15069
549_C20DisCh.csv,Temperature,23.55551,24.29162
549_C20DisCh.csv,Capacity,-2.78074,0.1902
549_C20DisCh.csv,WhAccu,-10.3028,0.89233
549_C20DisCh.csv,Cnt,13.0,13.0
549_C20DisCh.csv,Power,-0.6395137824999999,0.6327638859
549_Charge.csv,Voltage,2.90808,4.19995
549_Charge.csv,Current,0.0,3.00108
549_Charge.csv,Temperature,23.34519,27.44638
549_Charge.csv,Capacity,0.0,2.81804
549_Charge.csv,WhAccu,0.0,10.95251
549_Charge.csv,Cnt,11.0,18.0
549_Charge.csv,Power,0.0,12.5916670584
549_Dis_0p5C.csv,Voltage,2.79993,4.10828
549_Dis_0p5C.csv,Current,-1.49925,-1.4967
549_Dis_0p5C.csv,Temperature,23.87099,25.02773
549_Dis_0p5C.csv,Capacity,-2.56049,0.16524
549_Dis_0p5C.csv,WhAccu,-9.15949,0.78937
549_Dis_0p5C.csv,Cnt,14.0,14.0
549_Dis_0p5C.csv,Power,-6.15933879,-4.190655230999999
549_Dis_2C.csv,Voltage,2.79993,3.92674
549_Dis_2C.csv,Current,-5.99956,-5.997
549_Dis_2C.csv,Temperature,24.18646,27.86701
549_Dis_2C.csv,Capacity,-2.68077,-0.09997
549_Dis_2C.csv,WhAccu,-9.39094,-0.39635
549_Dis_2C.csv,Cnt,16.0,16.0
549_Dis_2C.csv,Power,-23.5587122344,-16.7983480308
549_HPPC.csv,Voltage,2.79453,4.20012
549_HPPC.csv,Current,-18.00122,5.99961
549_HPPC.csv,Temperature,23.34519,24.71226
549_HPPC.csv,Capacity,-2.77441,0.0
549_HPPC.csv,WhAccu,-9.83516,0.0
549_HPPC.csv,Cnt,12.0,12.0
549_HPPC.csv,Power,-68.38015434079999,25.185373117200005
551_Cap_1C.csv,Voltage,2.79993,4.19271
551_Cap_1C.csv,Current,-3.00106,0.0
551_Cap_1C.csv,Temperature,23.76583,25.44836
551_Cap_1C.csv,Capacity,-2.72639,0.0
551_Cap_1C.csv,WhAccu,-9.81497,0.0
551_Cap_1C.csv,Cnt,2.0,2.0
551_Cap_1C.csv,Power,-12.2826483362,0.0
551_Charge1.csv,Voltage,4.18242,4.19995
551_Charge1.csv,Current,0.0,0.23498
551_Charge1.csv,Temperature,23.55551,24.0813
551_Charge1.csv,Capacity,0.0,0.01444
551_Charge1.csv,WhAccu,0.0,0.06065
551_Charge1.csv,Cnt,1.0,2.0
551_Charge1.csv,Power,0.0,0.986904251
551_Charge2.csv,Voltage,3.07394,4.19995
551_Charge2.csv,Current,0.0,3.00108
551_Charge2.csv,Temperature,23.45035,25.02773
551_Charge2.csv,Capacity,0.0,2.7319
551_Charge2.csv,WhAccu,0.0,10.6458
551_Charge2.csv,Cnt,2.0,3.0
551_Charge2.csv,Power,0.0,12.5481883734
551_Charge3.csv,Voltage,3.20205,4.19995
551_Charge3.csv,Current,0.0,3.00108
551_Charge3.csv,Temperature,23.66067,25.23805
551_Charge3.csv,Capacity,0.0,2.63296
551_Charge3.csv,WhAccu,0.0,10.30101
551_Charge3.csv,Cnt,3.0,4.0
551_Charge3.csv,Power,0.0,12.5481883734
551_Charge4.csv,Voltage,4.18192,4.19979
551_Charge4.csv,Current,0.0,0.23753
551_Charge4.csv,Temperature,23.45035,24.0813
551_Charge4.csv,Capacity,0.0,0.01476
551_Charge4.csv,WhAccu,0.0,0.062
551_Charge4.csv,Cnt,4.0,5.0
551_Charge4.csv,Power,0.0,0.9975761187
551_Charge5.csv,Voltage,3.21486,4.19995
551_Charge5.csv,Current,0.0,3.00108
551_Charge5.csv,Temperature,23.55551,25.23805
551_Charge5.csv,Capacity,0.0,2.60915
551_Charge5.csv,WhAccu,0.0,10.21606
551_Charge5.csv,Cnt,5.0,6.0
551_Charge5.csv,Power,0.0,12.577004246700001
551_Charge6.csv,Voltage,3.22633,4.19995
551_Charge6.csv,Current,0.0,3.00108
551_Charge6.csv,Temperature,23.34519,25.23805
551_Charge6.csv,Capacity,0.0,2.60902
551_Charge6.csv,WhAccu,0.0,10.21507
551_Charge6.csv,Cnt,6.0,7.0
551_Charge6.csv,Power,0.0,12.577004246700001
551_Charge7.csv,Voltage,3.20391,4.19995
551_Charge7.csv,Current,0.0,3.00108
551_Charge7.csv,Temperature,23.55551,25.02773
551_Charge7.csv,Capacity,0.0,2.61553
551_Charge7.csv,WhAccu,0.0,10.23778
551_Charge7.csv,Cnt,7.0,8.0
551_Charge7.csv,Power,0.0,12.570947216100002
551_Charge8.csv,Voltage,3.21335,4.19995
551_Charge8.csv,Current,0.0,3.00108
551_Charge8.csv,Temperature,23.45035,25.02773
551_Charge8.csv,Capacity,0.0,2.61443
551_Charge8.csv,WhAccu,0.0,10.23363
551_Charge8.csv,Cnt,8.0,9.0
551_Charge8.csv,Power,0.0,12.5719667163
551_HWFET.csv,Voltage,4.18495,4.18563
551_HWFET.csv,Current,0.0,0.0
551_HWFET.csv,Temperature,23.66067,23.97615
551_HWFET.csv,Capacity,0.0,0.0
551_HWFET.csv,WhAccu,0.0,0.0
551_HWFET.csv,Cnt,4.0,4.0
551_HWFET.csv,Power,0.0,0.0
551_LA92.csv,Voltage,2.85926,4.20872
551_LA92.csv,Current,-12.1447,5.99961
551_LA92.csv,Temperature,23.66067,25.02773
551_LA92.csv,Capacity,-2.59026,-0.0
551_LA92.csv,WhAccu,-9.26327,-0.0
551_LA92.csv,Cnt,5.0,5.0
551_LA92.csv,Power,-38.7910045116,25.140874932
551_Mixed1.csv,Voltage,2.92264,4.2008
551_Mixed1.csv,Current,-16.89019,5.99961
551_Mixed1.csv,Temperature,23.55551,25.869
551_Mixed1.csv,Capacity,-2.59012,-0.0
551_Mixed1.csv,WhAccu,-9.26432,-0.0
551_Mixed1.csv,Cnt,7.0,7.0
551_Mixed1.csv,Power,-50.872124374399995,24.9043508856
551_Mixed2.csv,Voltage,2.79942,4.20417
551_Mixed2.csv,Current,-16.44834,6.00217
551_Mixed2.csv,Temperature,23.55551,26.18447
551_Mixed2.csv,Capacity,-2.59028,0.00131
551_Mixed2.csv,WhAccu,-9.27438,0.00552
551_Mixed2.csv,Cnt,8.0,8.0
551_Mixed2.csv,Power,-50.866354089999994,25.184353617
551_UDDS.csv,Voltage,2.90056,4.19995
551_UDDS.csv,Current,-9.18451,5.27935
551_UDDS.csv,Temperature,23.55551,24.71226
551_UDDS.csv,Capacity,-2.59012,-0.0
551_UDDS.csv,WhAccu,-9.41467,-1e-05
551_UDDS.csv,Cnt,3.0,3.0
551_UDDS.csv,Power,-27.3726557217,17.6709875265
551_US06.csv,Voltage,2.79976,4.20333
551_US06.csv,Current,-17.91694,5.99961
551_US06.csv,Temperature,23.76583,26.81543
551_US06.csv,Capacity,-2.59013,-0.0
551_US06.csv,WhAccu,-9.06859,-0.0
551_US06.csv,Cnt,6.0,6.0
551_US06.csv,Power,-50.873673987400004,25.012477877400002
552_Cap_1C.csv,Voltage,2.79993,4.18579
552_Cap_1C.csv,Current,-3.00106,0.0
552_Cap_1C.csv,Temperature,23.76583,25.44836
552_Cap_1C.csv,Capacity,-2.6928,0.0
552_Cap_1C.csv,WhAccu,-9.69797,0.0
552_Cap_1C.csv,Cnt,1.0,1.0
552_Cap_1C.csv,Power,-12.25498944,0.0
552_Charge10.csv,Voltage,3.22515,4.19995
552_Charge10.csv,Current,0.0,3.00108
552_Charge10.csv,Temperature,23.34519,25.23805
552_Charge10.csv,Capacity,0.0,2.58695
552_Charge10.csv,WhAccu,0.0,10.1363
552_Charge10.csv,Cnt,2.0,3.0
552_Charge10.csv,Power,0.0,12.5456696082
552_Charge11.csv,Voltage,3.2297,4.19995
552_Charge11.csv,Current,0.0,3.00108
552_Charge11.csv,Temperature,23.45035,25.23805
552_Charge11.csv,Capacity,0.0,2.58247
552_Charge11.csv,WhAccu,0.0,10.12002
552_Charge11.csv,Cnt,3.0,4.0
552_Charge11.csv,Power,0.0,12.5507371239
552_Charge12.csv,Voltage,3.22734,4.19995
552_Charge12.csv,Current,0.0,3.00108
552_Charge12.csv,Temperature,23.45035,25.13289
552_Charge12.csv,Capacity,0.0,2.5816
552_Charge12.csv,WhAccu,0.0,10.11657
552_Charge12.csv,Cnt,4.0,5.0
552_Charge12.csv,Power,0.0,12.552746139000002
552_Charge13.csv,Voltage,3.22633,4.19995
552_Charge13.csv,Current,0.0,3.00108
552_Charge13.csv,Temperature,23.66067,25.13289
552_Charge13.csv,Capacity,0.0,2.58315
552_Charge13.csv,WhAccu,0.0,10.12151
552_Charge13.csv,Cnt,5.0,6.0
552_Charge13.csv,Power,0.0,12.5507371239
552_Charge14.csv,Voltage,3.22481,4.19995
552_Charge14.csv,Current,0.0,3.00108
552_Charge14.csv,Temperature,23.45035,25.13289
552_Charge14.csv,Capacity,0.0,2.5823
552_Charge14.csv,WhAccu,0.0,10.11828
552_Charge14.csv,Cnt,6.0,7.0
552_Charge14.csv,Power,0.0,12.5522363889
552_Charge15.csv,Voltage,3.21672,4.19995
552_Charge15.csv,Current,0.0,3.00108
552_Charge15.csv,Temperature,23.45035,25.02773
552_Charge15.csv,Capacity,0.0,2.58787
552_Charge15.csv,WhAccu,0.0,10.1375
552_Charge15.csv,Cnt,7.0,8.0
552_Charge15.csv,Power,0.0,12.5451598581
552_Charge16.csv,Voltage,0.0,4.19979
552_Charge16.csv,Current,0.0,0.10216
552_Charge16.csv,Temperature,23.34519,23.97615
552_Charge16.csv,Capacity,0.0,0.00463
552_Charge16.csv,WhAccu,0.0,0.01945
552_Charge16.csv,Cnt,8.0,9.0
552_Charge16.csv,Power,0.0,0.4290505464
552_Charge9.csv,Voltage,3.07529,4.19995
552_Charge9.csv,Current,0.0,3.00108
552_Charge9.csv,Temperature,23.55551,25.13289
552_Charge9.csv,Capacity,0.0,2.70858
552_Charge9.csv,WhAccu,0.0,10.56143
552_Charge9.csv,Cnt,1.0,2.0
552_Charge9.csv,Power,0.0,12.5795230119
552_Mixed3.csv,Voltage,2.99175,4.20231
552_Mixed3.csv,Current,-16.24401,5.99961
552_Mixed3.csv,Temperature,23.66067,25.55352
552_Mixed3.csv,Capacity,-2.55818,0.0002
552_Mixed3.csv,WhAccu,-9.14441,0.00093
552_Mixed3.csv,Cnt,2.0,2.0
552_Mixed3.csv,Power,-50.86959494760001,25.1802756162
552_Mixed4.csv,Voltage,2.88657,4.19995
552_Mixed4.csv,Current,-16.40236,5.99961
552_Mixed4.csv,Temperature,23.55551,25.55352
552_Mixed4.csv,Capacity,-2.55827,-5e-05
552_Mixed4.csv,WhAccu,-9.14538,-0.0002
552_Mixed4.csv,Cnt,3.0,3.0
552_Mixed4.csv,Power,-50.87002693299999,25.1671420548
552_Mixed5.csv,Voltage,2.79976,4.20063
552_Mixed5.csv,Current,-17.52872,5.99961
552_Mixed5.csv,Temperature,23.55551,26.28963
552_Mixed5.csv,Capacity,-2.55829,-0.0
552_Mixed5.csv,WhAccu,-9.14579,0.0
552_Mixed5.csv,Cnt,4.0,4.0
552_Mixed5.csv,Power,-50.8667425816,25.1802756162
552_Mixed6.csv,Voltage,2.97624,4.2008
552_Mixed6.csv,Current,-15.94518,5.99961
552_Mixed6.csv,Temperature,23.55551,25.44836
552_Mixed6.csv,Capacity,-2.55816,-0.0
552_Mixed6.csv,WhAccu,-9.17981,-0.0
552_Mixed6.csv,Cnt,5.0,5.0
552_Mixed6.csv,Power,-50.8753548737,24.8952353544
552_Mixed7.csv,Voltage,2.97371,4.19995
552_Mixed7.csv,Current,-15.62592,6.00217
552_Mixed7.csv,Temperature,23.66067,25.23805
552_Mixed7.csv,Capacity,-2.55822,-0.0
552_Mixed7.csv,WhAccu,-9.17689,-0.0
552_Mixed7.csv,Cnt,6.0,6.0
552_Mixed7.csv,Power,-50.8753972727,25.109510308199997
552_Mixed8.csv,Voltage,2.79976,4.20181
552_Mixed8.csv,Current,-15.07168,5.99961
552_Mixed8.csv,Temperature,23.66067,25.23805
552_Mixed8.csv,Capacity,-2.55821,-0.0
552_Mixed8.csv,WhAccu,-9.18608,-0.0
552_Mixed8.csv,Cnt,7.0,7.0
552_Mixed8.csv,Power,-50.8687593927,25.182314616600003
552_PausCycl.csv,Voltage,4.18394,4.20012
552_PausCycl.csv,Current,0.0,0.66918
552_PausCycl.csv,Temperature,23.24004,24.0813
552_PausCycl.csv,Capacity,0.0,0.01531
552_PausCycl.csv,WhAccu,0.0,0.0643
552_PausCycl.csv,Cnt,8.0,8.0
552_PausCycl.csv,Power,0.0,2.8104154722
555_C20DisCh.csv,Voltage,2.79993,4.19995
555_C20DisCh.csv,Current,-0.15325,0.15069
555_C20DisCh.csv,Temperature,38.17255,38.8035
555_C20DisCh.csv,Capacity,-2.68992,0.17689
555_C20DisCh.csv,WhAccu,-10.0143,0.81519
555_C20DisCh.csv,Cnt,13.0,13.0
555_C20DisCh.csv,Power,-0.639178165,0.6306557328
555_Dis_0p5C.csv,Voltage,2.79993,4.19995
555_Dis_0p5C.csv,Current,-1.49925,3.00108
555_Dis_0p5C.csv,Temperature,23.66067,39.11897
555_Dis_0p5C.csv,Capacity,-2.49524,2.68137
555_Dis_0p5C.csv,WhAccu,-9.03199,10.45856
555_Dis_0p5C.csv,Cnt,14.0,15.0
555_Dis_0p5C.csv,Power,-6.1818275400000005,12.572034303599999
555_Dis_2C.csv,Voltage,2.79993,4.19995
555_Dis_2C.csv,Current,-5.99956,3.00108
555_Dis_2C.csv,Temperature,23.55551,41.3273
555_Dis_2C.csv,Capacity,-2.62178,2.63477
555_Dis_2C.csv,WhAccu,-9.32315,10.29675
555_Dis_2C.csv,Cnt,16.0,18.0
555_Dis_2C.csv,Power,-23.771088510000002,12.554275389300003
555_HPPC.csv,Voltage,2.79993,4.20012
555_HPPC.csv,Current,-18.00122,5.99961
555_HPPC.csv,Temperature,23.76583,39.11897
555_HPPC.csv,Capacity,-2.67793,2.718
555_HPPC.csv,WhAccu,-9.59688,10.59228
555_HPPC.csv,Cnt,12.0,13.0
555_HPPC.csv,Power,-69.17202800860001,25.193022347099998
556_Charge1.csv,Voltage,4.17922,4.19995
556_Charge1.csv,Current,0.0,0.26818
556_Charge1.csv,Temperature,23.55551,38.48802
556_Charge1.csv,Capacity,0.0,0.01687
556_Charge1.csv,WhAccu,0.0,0.07086
556_Charge1.csv,Cnt,1.0,2.0
556_Charge1.csv,Power,0.0,1.126342591
556_Charge2.csv,Voltage,3.04562,4.19995
556_Charge2.csv,Current,0.0,3.00108
556_Charge2.csv,Temperature,23.66067,38.48802
556_Charge2.csv,Capacity,0.0,2.65945
556_Charge2.csv,WhAccu,0.0,10.38248
556_Charge2.csv,Cnt,2.0,3.0
556_Charge2.csv,Power,0.0,12.5871092928
556_Charge3.csv,Voltage,3.20441,4.19995
556_Charge3.csv,Current,0.0,3.00108
556_Charge3.csv,Temperature,23.66067,38.38286
556_Charge3.csv,Capacity,0.0,2.56752
556_Charge3.csv,WhAccu,0.0,10.06438
556_Charge3.csv,Cnt,3.0,4.0
556_Charge3.csv,Power,0.0,12.580032762000002
556_Charge4.csv,Voltage,3.23138,4.19995
556_Charge4.csv,Current,0.0,3.00108
556_Charge4.csv,Temperature,23.76583,38.48802
556_Charge4.csv,Capacity,0.0,2.54266
556_Charge4.csv,WhAccu,0.0,9.97551
556_Charge4.csv,Cnt,4.0,5.0
556_Charge4.csv,Power,0.0,12.5471988585
556_Charge5.csv,Voltage,3.21014,4.19995
556_Charge5.csv,Current,0.0,3.00108
556_Charge5.csv,Temperature,23.76583,38.48802
556_Charge5.csv,Capacity,0.0,2.55373
556_Charge5.csv,WhAccu,0.0,10.01443
556_Charge5.csv,Cnt,5.0,6.0
556_Charge5.csv,Power,0.0,12.533525561700001
556_Charge6.csv,Voltage,3.22885,4.19995
556_Charge6.csv,Current,0.0,3.00108
556_Charge6.csv,Temperature,23.66067,38.48802
556_Charge6.csv,Capacity,0.0,2.54409
556_Charge6.csv,WhAccu,0.0,9.97977
556_Charge6.csv,Cnt,6.0,7.0
556_Charge6.csv,Power,0.0,12.5558284716
556_Charge7.csv,Voltage,3.21351,4.19995
556_Charge7.csv,Current,0.0,3.00108
556_Charge7.csv,Temperature,23.66067,38.59318
556_Charge7.csv,Capacity,0.0,2.55201
556_Charge7.csv,WhAccu,0.0,10.0078
556_Charge7.csv,Cnt,7.0,8.0
556_Charge7.csv,Power,0.0,12.536584062300001
556_Charge8.csv,Voltage,3.2179,4.19995
556_Charge8.csv,Current,0.0,3.00108
556_Charge8.csv,Temperature,23.66067,38.59318
556_Charge8.csv,Capacity,0.0,2.54964
556_Charge8.csv,WhAccu,0.0,9.99938
556_Charge8.csv,Cnt,8.0,9.0
556_Charge8.csv,Power,0.0,12.540122327699999
556_HWFET.csv,Voltage,3.06119,4.19995
556_HWFET.csv,Current,-7.1489,5.99961
556_HWFET.csv,Temperature,38.27771,39.43445
556_HWFET.csv,Capacity,-2.52551,-0.0
556_HWFET.csv,WhAccu,-9.29825,-0.0
556_HWFET.csv,Cnt,4.0,4.0
556_HWFET.csv,Power,-22.5308617952,24.4768850928
556_LA92.csv,Voltage,2.99158,4.20147
556_LA92.csv,Current,-11.99656,5.99961
556_LA92.csv,Temperature,38.27771,39.53961
556_LA92.csv,Capacity,-2.52554,-0.0
556_LA92.csv,WhAccu,-9.12058,-0.0
556_LA92.csv,Cnt,5.0,5.0
556_LA92.csv,Power,-38.7987301548,25.172803661399996
556_Mixed1.csv,Voltage,2.94422,4.20029
556_Mixed1.csv,Current,-16.46877,6.00217
556_Mixed1.csv,Temperature,38.38286,40.17056
556_Mixed1.csv,Capacity,-2.52554,-0.0
556_Mixed1.csv,WhAccu,-9.13857,-0.0
556_Mixed1.csv,Cnt,7.0,7.0
556_Mixed1.csv,Power,-50.8740460788,24.9316375086
556_Mixed2.csv,Voltage,2.80718,4.2008
556_Mixed2.csv,Current,-16.18271,5.99961
556_Mixed2.csv,Temperature,38.27771,40.17056
556_Mixed2.csv,Capacity,-2.52553,0.00195
556_Mixed2.csv,WhAccu,-9.14623,0.00819
556_Mixed2.csv,Cnt,8.0,8.0
556_Mixed2.csv,Power,-50.8697734221,25.1731990854
556_UDDS.csv,Voltage,2.95382,4.19995
556_UDDS.csv,Current,-9.2126,5.27169
556_UDDS.csv,Temperature,38.27771,39.01382
556_UDDS.csv,Capacity,-2.52551,-0.0
556_UDDS.csv,WhAccu,-9.25285,-0.0
556_UDDS.csv,Cnt,3.0,3.0
556_UDDS.csv,Power,-27.375223437200003,17.628672277
556_US06.csv,Voltage,2.85319,4.2008
556_US06.csv,Current,-17.81477,5.99961
556_US06.csv,Temperature,38.38286,40.80151
556_US06.csv,Capacity,-2.52561,-0.0
556_US06.csv,WhAccu,-8.97181,-0.0
556_US06.csv,Cnt,6.0,6.0
556_US06.csv,Power,-50.8815434723,25.073168124600002
557_Cap_1C.csv,Voltage,2.79993,4.18276
557_Cap_1C.csv,Current,-3.00106,0.0
557_Cap_1C.csv,Temperature,-0.42063,38.38286
557_Cap_1C.csv,Capacity,-2.50036,0.0
557_Cap_1C.csv,WhAccu,-8.78606,0.0
557_Cap_1C.csv,Cnt,1.0,1.0
557_Cap_1C.csv,Power,-12.293400225,0.0
557_Charge10.csv,Voltage,0.0,3.39337
557_Charge10.csv,Current,0.0,0.0
557_Charge10.csv,Temperature,23.76583,38.06739
557_Charge10.csv,Capacity,0.0,0.0
557_Charge10.csv,WhAccu,0.0,0.0
557_Charge10.csv,Cnt,2.0,2.0
557_Charge10.csv,Power,0.0,0.0
557_Charge9.csv,Voltage,3.25532,4.19995
557_Charge9.csv,Current,0.0,3.00108
557_Charge9.csv,Temperature,1.2619,38.48802
557_Charge9.csv,Capacity,0.0,2.51489
557_Charge9.csv,WhAccu,0.0,9.87276
557_Charge9.csv,Cnt,1.0,2.0
557_Charge9.csv,Power,0.0,12.579043247100001
557_Mixed3.csv,Voltage,3.10536,4.2013
557_Mixed3.csv,Current,-15.82003,5.99961
557_Mixed3.csv,Temperature,38.38286,39.96024
557_Mixed3.csv,Capacity,-2.37552,0.00076
557_Mixed3.csv,WhAccu,-8.66238,0.00326
557_Mixed3.csv,Cnt,2.0,2.0
557_Mixed3.csv,Power,-50.87637286140001,25.1788632675
562_Charge10.csv,Voltage,3.08102,4.19995
562_Charge10.csv,Current,0.0,3.00108
562_Charge10.csv,Temperature,18.40274,23.55551
562_Charge10.csv,Capacity,0.0,2.62256
562_Charge10.csv,WhAccu,0.0,10.26628
562_Charge10.csv,Cnt,1.0,2.0
562_Charge10.csv,Power,0.0,12.5921768085
562_Charge11.csv,Voltage,4.09814,4.19995
562_Charge11.csv,Current,0.0,2.52602
562_Charge11.csv,Temperature,23.02972,23.97615
562_Charge11.csv,Capacity,0.0,0.20196
562_Charge11.csv,WhAccu,0.0,0.84793
562_Charge11.csv,Cnt,2.0,3.0
562_Charge11.csv,Power,0.0,10.609157699
562_Charge12.csv,Voltage,4.09865,4.19995
562_Charge12.csv,Current,0.0,2.54134
562_Charge12.csv,Temperature,23.34519,25.23805
562_Charge12.csv,Capacity,0.0,0.19779
562_Charge12.csv,WhAccu,0.0,0.83042
562_Charge12.csv,Cnt,3.0,4.0
562_Charge12.csv,Power,0.0,10.673500933
562_Charge13.csv,Voltage,4.09865,4.19995
562_Charge13.csv,Current,0.0,2.4213
562_Charge13.csv,Temperature,22.60908,23.97615
562_Charge13.csv,Capacity,0.0,0.19582
562_Charge13.csv,WhAccu,0.0,0.82222
562_Charge13.csv,Cnt,4.0,5.0
562_Charge13.csv,Power,0.0,10.169338935
562_Charge14.csv,Voltage,4.09865,4.19995
562_Charge14.csv,Current,0.0,2.40087
562_Charge14.csv,Temperature,22.71424,23.66067
562_Charge14.csv,Capacity,0.0,0.19492
562_Charge14.csv,WhAccu,0.0,0.81844
562_Charge14.csv,Cnt,5.0,6.0
562_Charge14.csv,Power,0.0,10.0835339565
562_Charge15.csv,Voltage,4.09848,4.19995
562_Charge15.csv,Current,0.0,2.40342
562_Charge15.csv,Temperature,22.60908,23.66067
562_Charge15.csv,Capacity,0.0,0.19557
562_Charge15.csv,WhAccu,0.0,0.82117
562_Charge15.csv,Cnt,6.0,7.0
562_Charge15.csv,Power,0.0,10.094243829000002
562_Charge16.csv,Voltage,4.16253,4.19995
562_Charge16.csv,Current,0.0,0.51849
562_Charge16.csv,Temperature,22.8194,23.13488
562_Charge16.csv,Capacity,0.0,0.03596
562_Charge16.csv,WhAccu,0.0,0.15101
562_Charge16.csv,Cnt,7.0,8.0
562_Charge16.csv,Power,0.0,2.1776320755
562_Mixed4.csv,Voltage,3.91039,4.19995
562_Mixed4.csv,Current,-6.9931,4.54888
562_Mixed4.csv,Temperature,22.92456,23.45035
562_Mixed4.csv,Capacity,-0.18966,0.0
562_Mixed4.csv,WhAccu,-0.76109,0.0
562_Mixed4.csv,Cnt,2.0,2.0
562_Mixed4.csv,Power,-27.3746750184,19.0437496536
562_Mixed5.csv,Voltage,3.84769,4.20804
562_Mixed5.csv,Current,-10.08099,5.99706
562_Mixed5.csv,Temperature,23.87099,24.50194
562_Mixed5.csv,Capacity,-0.18974,-0.0
562_Mixed5.csv,WhAccu,-0.7477,0.0
562_Mixed5.csv,Cnt,3.0,3.0
562_Mixed5.csv,Power,-38.7906053628,25.1802756162
562_Mixed6.csv,Voltage,3.75768,4.21327
562_Mixed6.csv,Current,-13.15356,5.14909
562_Mixed6.csv,Temperature,23.24004,25.23805
562_Mixed6.csv,Capacity,-0.18981,-0.0
562_Mixed6.csv,WhAccu,-0.73956,0.0
562_Mixed6.csv,Cnt,4.0,4.0
562_Mixed6.csv,Power,-49.6212594219,21.494876205
562_Mixed7.csv,Voltage,3.79122,4.19995
562_Mixed7.csv,Current,-13.07694,5.12611
562_Mixed7.csv,Temperature,22.71424,24.39678
562_Mixed7.csv,Capacity,-0.18987,-0.0
562_Mixed7.csv,WhAccu,-0.74891,0.0
562_Mixed7.csv,Cnt,5.0,5.0
562_Mixed7.csv,Power,-49.61908983359999,21.413505584
562_Mixed8.csv,Voltage,3.77605,4.20417
562_Mixed8.csv,Current,-12.43075,4.84515
562_Mixed8.csv,Temperature,22.8194,23.97615
562_Mixed8.csv,Capacity,-0.18965,0.0
562_Mixed8.csv,WhAccu,-0.74724,0.0
562_Mixed8.csv,Cnt,6.0,6.0
562_Mixed8.csv,Power,-46.9391335375,20.3208013575
562_PausCycl.csv,Voltage,4.04018,4.20147
562_PausCycl.csv,Current,-4.05079,2.66394
562_PausCycl.csv,Temperature,22.8194,23.13488
562_PausCycl.csv,Capacity,-0.03,-0.0
562_PausCycl.csv,WhAccu,-0.12269,-1e-05
562_PausCycl.csv,Cnt,7.0,7.0
562_PausCycl.csv,Power,-16.370052548,11.1417159348
593_C20DisCh.csv,Voltage,2.79993,4.19995
593_C20DisCh.csv,Current,-0.15325,0.15069
593_C20DisCh.csv,Temperature,-12.09323,-8.51784
593_C20DisCh.csv,Capacity,-2.56366,0.03809
593_C20DisCh.csv,WhAccu,-9.51437,0.40886
593_C20DisCh.csv,Cnt,46.0,46.0
593_C20DisCh.csv,Power,-0.6330558275,0.6316713834
593_Dis_0p5C.csv,Voltage,2.79993,4.19995
593_Dis_0p5C.csv,Current,-1.49925,3.00108
593_Dis_0p5C.csv,Temperature,-10.93649,25.65868
593_Dis_0p5C.csv,Capacity,-2.33322,2.4338
593_Dis_0p5C.csv,WhAccu,-7.88893,9.58213
593_Dis_0p5C.csv,Cnt,47.0,48.0
593_Dis_0p5C.csv,Power,-5.8181844525,12.570947216100002
593_Dis_2C.csv,Voltage,2.79993,4.19995
593_Dis_2C.csv,Current,-5.99956,3.00108
593_Dis_2C.csv,Temperature,-10.09522,25.34321
593_Dis_2C.csv,Capacity,-1.95394,1.96263
593_Dis_2C.csv,WhAccu,-6.37634,7.8683
593_Dis_2C.csv,Cnt,49.0,51.0
593_Dis_2C.csv,Power,-21.389571316399998,12.590647558200002
593_HPPC.csv,Voltage,2.78813,4.20451
593_HPPC.csv,Current,-11.99911,3.00108
593_HPPC.csv,Temperature,-11.98807,26.07932
593_HPPC.csv,Capacity,-2.47254,2.49189
593_HPPC.csv,WhAccu,-8.64419,9.78552
593_HPPC.csv,Cnt,45.0,46.0
593_HPPC.csv,Power,-42.708312231899995,12.5628511851
596_Cap_1C.csv,Voltage,2.79993,4.19085
596_Cap_1C.csv,Current,-3.00106,0.0
596_Cap_1C.csv,Temperature,-10.09522,-6.30951
596_Cap_1C.csv,Capacity,-2.26338,0.0
596_Cap_1C.csv,WhAccu,-7.60935,0.0
596_Cap_1C.csv,Cnt,1.0,1.0
596_Cap_1C.csv,Power,-11.259316886799999,0.0
596_Charge1.csv,Voltage,4.18512,4.19979
596_Charge1.csv,Current,0.0,0.18134
596_Charge1.csv,Temperature,-10.20038,24.50194
596_Charge1.csv,Capacity,0.0,0.01087
596_Charge1.csv,WhAccu,0.0,0.04566
596_Charge1.csv,Cnt,1.0,2.0
596_Charge1.csv,Power,0.0,0.7615899186
596_Charge2.csv,Voltage,3.44967,4.19995
596_Charge2.csv,Current,0.0,3.00108
596_Charge2.csv,Temperature,-10.20038,25.23805
596_Charge2.csv,Capacity,0.0,2.26514
596_Charge2.csv,WhAccu,0.0,8.97697
596_Charge2.csv,Cnt,1.0,2.0
596_Charge2.csv,Power,0.0,12.592686558600002
596_Charge3.csv,Voltage,3.4785,4.19995
596_Charge3.csv,Current,0.0,3.00108
596_Charge3.csv,Temperature,-10.20038,25.13289
596_Charge3.csv,Capacity,0.0,2.18224
596_Charge3.csv,WhAccu,0.0,8.671
596_Charge3.csv,Cnt,2.0,3.0
596_Charge3.csv,Power,0.0,12.569417965800001
596_Charge4.csv,Voltage,3.48575,4.19995
596_Charge4.csv,Current,0.0,3.00108
596_Charge4.csv,Temperature,-10.30554,25.13289
596_Charge4.csv,Capacity,0.0,2.1611
596_Charge4.csv,WhAccu,0.0,8.596
596_Charge4.csv,Cnt,3.0,4.0
596_Charge4.csv,Power,0.0,12.530497046400003
596_Charge5.csv,Voltage,3.48423,4.19995
596_Charge5.csv,Current,0.0,2.99853
596_Charge5.csv,Temperature,-10.09522,25.13289
596_Charge5.csv,Capacity,0.0,2.16836
596_Charge5.csv,WhAccu,0.0,8.62131
596_Charge5.csv,Cnt,4.0,5.0
596_Charge5.csv,Power,0.0,12.588128793000001
596_HWFET.csv,Voltage,2.79942,4.20097
596_HWFET.csv,Current,-7.53967,3.00108
596_HWFET.csv,Temperature,-9.99006,-7.25594
596_HWFET.csv,Capacity,-2.15027,-0.0
596_HWFET.csv,WhAccu,-7.34853,-1e-05
596_HWFET.csv,Cnt,3.0,3.0
596_HWFET.csv,Power,-22.5204538258,12.452655207600001
596_LA92.csv,Voltage,2.79403,4.2131
596_LA92.csv,Current,-11.99911,3.08026
596_LA92.csv,Temperature,-10.20038,-7.3611
596_LA92.csv,Capacity,-2.15036,-0.0
596_LA92.csv,WhAccu,-7.09329,0.0
596_LA92.csv,Cnt,4.0,4.0
596_LA92.csv,Power,-38.6235575252,12.590647558200002
596_UDDS.csv,Voltage,2.79976,4.20248
596_UDDS.csv,Current,-9.74896,3.00108
596_UDDS.csv,Temperature,-10.30554,-8.41268
596_UDDS.csv,Capacity,-2.15023,-0.0
596_UDDS.csv,WhAccu,-7.35792,-0.0
596_UDDS.csv,Cnt,2.0,2.0
596_UDDS.csv,Power,-27.3638545609,12.592686558600002
601_Charge6.csv,Voltage,3.48945,4.19995
601_Charge6.csv,Current,0.0,3.00108
601_Charge6.csv,Temperature,-10.09522,25.02773
601_Charge6.csv,Capacity,0.0,2.14143
601_Charge6.csv,WhAccu,0.0,8.52304
601_Charge6.csv,Cnt,2.0,3.0
601_Charge6.csv,Power,0.0,12.555264904200001
601_Charge7.csv,Voltage,3.48659,4.19995
601_Charge7.csv,Current,0.0,3.00108
601_Charge7.csv,Temperature,-10.09522,25.34321
601_Charge7.csv,Capacity,0.0,2.14482
601_Charge7.csv,WhAccu,0.0,8.53488
601_Charge7.csv,Cnt,3.0,4.0
601_Charge7.csv,Power,0.0,12.5512168887
601_Charge8.csv,Voltage,3.48811,4.19995
601_Charge8.csv,Current,0.0,3.00108
601_Charge8.csv,Temperature,-10.20038,25.34321
601_Charge8.csv,Capacity,0.0,2.14365
601_Charge8.csv,WhAccu,0.0,8.5301
601_Charge8.csv,Cnt,4.0,5.0
601_Charge8.csv,Power,0.0,12.554755154099999
601_Mixed1.csv,Voltage,2.79942,4.20215
601_Mixed1.csv,Current,-11.99911,3.04961
601_Mixed1.csv,Temperature,-10.09522,-6.30951
601_Mixed1.csv,Capacity,-2.12983,-0.0
601_Mixed1.csv,WhAccu,-7.12342,-0.0
601_Mixed1.csv,Cnt,3.0,3.0
601_Mixed1.csv,Power,-40.8111329498,12.5891482932
601_Mixed2.csv,Voltage,2.78813,4.20956
601_Mixed2.csv,Current,-11.99911,3.04961
601_Mixed2.csv,Temperature,-9.99006,-5.5734
601_Mixed2.csv,Capacity,-2.12991,3e-05
601_Mixed2.csv,WhAccu,-7.06634,0.00014
601_Mixed2.csv,Cnt,4.0,4.0
601_Mixed2.csv,Power,-39.4175563144,12.591157308300001
601_US06.csv,Voltage,2.78628,4.2008
601_US06.csv,Current,-11.99911,3.06749
601_US06.csv,Temperature,-9.99006,-4.73213
601_US06.csv,Capacity,-2.12984,-0.0
601_US06.csv,WhAccu,-6.7717,-0.0
601_US06.csv,Cnt,2.0,2.0
601_US06.csv,Power,-41.9024101508,12.541621592700002
602_Cap_1C.csv,Voltage,2.79993,4.19085
602_Cap_1C.csv,Current,-3.00106,0.0
602_Cap_1C.csv,Temperature,-10.09522,-6.51983
602_Cap_1C.csv,Capacity,-2.2319,0.0
602_Cap_1C.csv,WhAccu,-7.49754,0.0
602_Cap_1C.csv,Cnt,1.0,1.0
602_Cap_1C.csv,Power,-11.248182954199999,0.0
602_Charge10.csv,Voltage,3.45237,4.19995
602_Charge10.csv,Current,0.0,3.00108
602_Charge10.csv,Temperature,-10.09522,25.13289
602_Charge10.csv,Capacity,0.0,2.23311
602_Charge10.csv,WhAccu,0.0,8.85875
602_Charge10.csv,Cnt,1.0,2.0
602_Charge10.csv,Power,0.0,12.570947216100002
602_Charge11.csv,Voltage,3.48979,4.19995
602_Charge11.csv,Current,0.0,3.00108
602_Charge11.csv,Temperature,-10.09522,25.23805
602_Charge11.csv,Capacity,0.0,2.13612
602_Charge11.csv,WhAccu,0.0,8.5029
602_Charge11.csv,Cnt,2.0,3.0
602_Charge11.csv,Power,0.0,12.565879700400002
602_Charge12.csv,Voltage,3.48827,4.19995
602_Charge12.csv,Current,0.0,2.99853
602_Charge12.csv,Temperature,-10.20038,25.23805
602_Charge12.csv,Capacity,0.0,2.13409
602_Charge12.csv,WhAccu,0.0,8.49567
602_Charge12.csv,Cnt,3.0,4.0
602_Charge12.csv,Power,0.0,12.568908215700002
602_Charge17.csv,Voltage,4.18495,4.19979
602_Charge17.csv,Current,0.0,0.18134
602_Charge17.csv,Temperature,-10.09522,23.87099
602_Charge17.csv,Capacity,0.0,0.01078
602_Charge17.csv,WhAccu,0.0,0.04527
602_Charge17.csv,Cnt,1.0,2.0
602_Charge17.csv,Power,0.0,0.7615899186
602_Mixed4.csv,Voltage,2.79453,4.2008
602_Mixed4.csv,Current,-11.99911,3.04961
602_Mixed4.csv,Temperature,-10.09522,-6.73015
602_Mixed4.csv,Capacity,-2.12034,-5e-05
602_Mixed4.csv,WhAccu,-7.04411,-0.00019
602_Mixed4.csv,Cnt,2.0,2.0
602_Mixed4.csv,Power,-41.3859552984,12.592686558600002
602_Mixed5.csv,Voltage,2.79689,4.20821
602_Mixed5.csv,Current,-11.99911,3.05727
602_Mixed5.csv,Temperature,-9.99006,-5.99404
602_Mixed5.csv,Capacity,-2.12033,-0.0
602_Mixed5.csv,WhAccu,-7.03522,-1e-05
602_Mixed5.csv,Cnt,3.0,3.0
602_Mixed5.csv,Power,-40.9217057472,12.5916670584
604_Charge10.csv,Voltage,3.49215,4.19995
604_Charge10.csv,Current,0.0,3.00108
604_Charge10.csv,Temperature,-10.09522,25.13289
604_Charge10.csv,Capacity,0.0,2.1239
604_Charge10.csv,WhAccu,0.0,8.4594
604_Charge10.csv,Cnt,2.0,3.0
604_Charge10.csv,Power,0.0,12.5830612773
604_Charge13.csv,Voltage,3.49198,4.19995
604_Charge13.csv,Current,0.0,3.00108
604_Charge13.csv,Temperature,-9.99006,25.13289
604_Charge13.csv,Capacity,0.0,2.12539
604_Charge13.csv,WhAccu,0.0,8.46513
604_Charge13.csv,Cnt,3.0,4.0
604_Charge13.csv,Power,0.0,12.5815620123
604_Charge14.csv,Voltage,3.49333,4.19995
604_Charge14.csv,Current,0.0,3.00108
604_Charge14.csv,Temperature,-10.09522,25.13289
604_Charge14.csv,Capacity,0.0,2.12087
604_Charge14.csv,WhAccu,0.0,8.44804
604_Charge14.csv,Cnt,4.0,5.0
604_Charge14.csv,Power,0.0,12.588128793000001
604_Charge15.csv,Voltage,3.48945,4.19995
604_Charge15.csv,Current,0.0,3.00108
604_Charge15.csv,Temperature,-9.8849,25.44836
604_Charge15.csv,Capacity,0.0,2.12804
604_Charge15.csv,WhAccu,0.0,8.47339
604_Charge15.csv,Cnt,5.0,6.0
604_Charge15.csv,Power,0.0,12.5795230119
604_Charge16.csv,Voltage,4.06207,4.19995
604_Charge16.csv,Current,0.0,2.99853
604_Charge16.csv,Temperature,-10.09522,24.6071
604_Charge16.csv,Capacity,0.0,0.34153
604_Charge16.csv,WhAccu,0.0,1.43306
604_Charge16.csv,Cnt,6.0,7.0
604_Charge16.csv,Power,0.0,12.5588031696
604_Charge17.csv,Voltage,4.14348,4.19995
604_Charge17.csv,Current,0.0,0.75602
604_Charge17.csv,Temperature,-10.09522,25.55352
604_Charge17.csv,Capacity,0.0,0.05846
604_Charge17.csv,WhAccu,0.0,0.24553
604_Charge17.csv,Cnt,1.0,2.0
604_Charge17.csv,Power,0.0,3.1752461990000005
604_Charge9.csv,Voltage,3.45372,4.19995
604_Charge9.csv,Current,0.0,3.00108
604_Charge9.csv,Temperature,-10.09522,25.44836
604_Charge9.csv,Capacity,0.0,2.22331
604_Charge9.csv,WhAccu,0.0,8.82256
604_Charge9.csv,Cnt,1.0,2.0
604_Charge9.csv,Power,0.0,12.5830612773
604_Mixed3.csv,Voltage,2.79285,4.20046
604_Mixed3.csv,Current,-11.99911,3.05472
604_Mixed3.csv,Temperature,-10.09522,-6.41467
604_Mixed3.csv,Capacity,-2.1086,-0.0
604_Mixed3.csv,WhAccu,-6.9906,-0.0
604_Mixed3.csv,Cnt,2.0,2.0
604_Mixed3.csv,Power,-42.4858769644,12.592686558600002
604_Mixed6.csv,Voltage,2.79066,4.20585
604_Mixed6.csv,Current,-12.12937,3.05472
604_Mixed6.csv,Temperature,-9.8849,-5.67856
604_Mixed6.csv,Capacity,-2.1086,-0.0
604_Mixed6.csv,WhAccu,-6.93365,-0.0
604_Mixed6.csv,Cnt,3.0,3.0
604_Mixed6.csv,Power,-42.020704551,12.592686558600002
604_Mixed7.csv,Voltage,2.79319,4.19995
604_Mixed7.csv,Current,-11.99911,3.02152
604_Mixed7.csv,Temperature,-10.09522,-5.15277
604_Mixed7.csv,Capacity,-2.10859,-0.0
604_Mixed7.csv,WhAccu,-6.93687,0.0
604_Mixed7.csv,Cnt,4.0,4.0
604_Mixed7.csv,Power,-40.3131761834,12.533525561700001
604_Mixed8.csv,Voltage,2.79504,4.21394
604_Mixed8.csv,Current,-11.99911,3.04961
604_Mixed8.csv,Temperature,-9.8849,-5.04761
604_Mixed8.csv,Capacity,-2.1086,-4e-05
604_Mixed8.csv,WhAccu,-6.98359,-0.00016
604_Mixed8.csv,Cnt,5.0,5.0
604_Mixed8.csv,Power,-39.00445620479999,12.5886385431
604_PausCycl.csv,Voltage,3.36645,4.21057
604_PausCycl.csv,Current,-8.11945,2.90403
604_PausCycl.csv,Temperature,-9.99006,-8.83332
604_PausCycl.csv,Capacity,-0.33296,-0.0
604_PausCycl.csv,WhAccu,-1.23147,0.0
604_PausCycl.csv,Cnt,6.0,6.0
604_PausCycl.csv,Power,-27.359842630200003,12.1732871958
607_C20DisCh.csv,Voltage,2.79993,4.20012
607_C20DisCh.csv,Current,-0.15325,0.15069
607_C20DisCh.csv,Temperature,-22.50393,-14.51188
607_C20DisCh.csv,Capacity,-2.49482,-0.00253
607_C20DisCh.csv,WhAccu,-9.17834,0.25855
607_C20DisCh.csv,Cnt,46.0,46.0
607_C20DisCh.csv,Power,-0.624453905,0.6325860717
607_Dis_0p5C.csv,Voltage,2.79993,4.19995
607_Dis_0p5C.csv,Current,-1.49925,3.00108
607_Dis_0p5C.csv,Temperature,-21.45234,25.55352
607_Dis_0p5C.csv,Capacity,-2.05028,2.13286
607_Dis_0p5C.csv,WhAccu,-6.4542,8.49556
607_Dis_0p5C.csv,Cnt,47.0,48.0
607_Dis_0p5C.csv,Power,-5.5409581349999995,12.577004246700001
607_Dis_2C.csv,Voltage,2.79993,4.19995
607_Dis_2C.csv,Current,-5.99956,2.99853
607_Dis_2C.csv,Temperature,-19.87496,24.81741
607_Dis_2C.csv,Capacity,-1.31989,1.32734
607_Dis_2C.csv,WhAccu,-4.20239,5.43826
607_Dis_2C.csv,Cnt,49.0,51.0
607_Dis_2C.csv,Power,-20.3914245192,12.5396125776
607_HPPC.csv,Voltage,2.79993,4.20012
607_HPPC.csv,Current,-5.99956,3.00108
607_HPPC.csv,Temperature,-21.34718,26.18447
607_HPPC.csv,Capacity,-2.31347,2.33044
607_HPPC.csv,WhAccu,-8.01025,9.21065
607_HPPC.csv,Cnt,45.0,46.0
607_HPPC.csv,Power,-22.2097111684,12.582581512500001
610_Cap_1C.csv,Voltage,2.79993,4.1895
610_Cap_1C.csv,Current,-3.00106,0.0
610_Cap_1C.csv,Temperature,-19.98012,-15.35315
610_Cap_1C.csv,Capacity,-1.67134,0.0
610_Cap_1C.csv,WhAccu,-5.4512,0.0
610_Cap_1C.csv,Cnt,1.0,1.0
610_Cap_1C.csv,Power,-10.6032251496,0.0
610_Charge1.csv,Voltage,4.18563,4.19979
610_Charge1.csv,Current,0.0,0.17368
610_Charge1.csv,Temperature,-19.87496,24.6071
610_Charge1.csv,Capacity,0.0,0.01027
610_Charge1.csv,WhAccu,0.0,0.04312
610_Charge1.csv,Cnt,1.0,2.0
610_Charge1.csv,Power,0.0,0.7294195272
610_Charge2.csv,Voltage,3.56817,4.19995
610_Charge2.csv,Current,0.0,3.00108
610_Charge2.csv,Temperature,-19.87496,25.13289
610_Charge2.csv,Capacity,0.0,1.67197
610_Charge2.csv,WhAccu,0.0,6.76835
610_Charge2.csv,Cnt,1.0,2.0
610_Charge2.csv,Power,0.0,12.5668992006
610_Charge3.csv,Voltage,3.59801,4.19995
610_Charge3.csv,Current,0.0,3.00108
610_Charge3.csv,Temperature,-20.2956,25.02773
610_Charge3.csv,Capacity,0.0,1.60126
610_Charge3.csv,WhAccu,0.0,6.49706
610_Charge3.csv,Cnt,2.0,3.0
610_Charge3.csv,Power,0.0,12.590647558200002
610_Charge4.csv,Voltage,3.58823,4.19995
610_Charge4.csv,Current,0.0,3.00108
610_Charge4.csv,Temperature,-19.98012,24.92257
610_Charge4.csv,Capacity,0.0,1.59608
610_Charge4.csv,WhAccu,0.0,6.47711
610_Charge4.csv,Cnt,3.0,4.0
610_Charge4.csv,Power,0.0,12.5386322832
610_Charge5.csv,Voltage,3.59245,4.19995
610_Charge5.csv,Current,0.0,2.99853
610_Charge5.csv,Temperature,-20.08528,25.23805
610_Charge5.csv,Capacity,0.0,1.60091
610_Charge5.csv,WhAccu,0.0,6.49569
610_Charge5.csv,Cnt,4.0,5.0
610_Charge5.csv,Power,0.0,12.591157308300001
610_Charge6.csv,Voltage,3.58823,4.19995
610_Charge6.csv,Current,0.0,2.99853
610_Charge6.csv,Temperature,-20.08528,24.92257
610_Charge6.csv,Capacity,0.0,1.60185
610_Charge6.csv,WhAccu,0.0,6.49969
610_Charge6.csv,Cnt,5.0,6.0
610_Charge6.csv,Power,0.0,12.591157308300001
610_Charge7.csv,Voltage,3.59177,4.19995
610_Charge7.csv,Current,0.0,3.00108
610_Charge7.csv,Temperature,-20.61107,25.02773
610_Charge7.csv,Capacity,0.0,1.59822
610_Charge7.csv,WhAccu,0.0,6.48574
610_Charge7.csv,Cnt,6.0,7.0
610_Charge7.csv,Power,0.0,12.526958781
610_Charge8.csv,Voltage,3.58806,4.19995
610_Charge8.csv,Current,0.0,2.99853
610_Charge8.csv,Temperature,-19.98012,25.23805
610_Charge8.csv,Capacity,0.0,1.59778
610_Charge8.csv,WhAccu,0.0,6.48415
610_Charge8.csv,Cnt,7.0,8.0
610_Charge8.csv,Power,0.0,12.527468531100002
610_HWFET.csv,Voltage,2.79909,4.20046
610_HWFET.csv,Current,-5.99956,1.49926
610_HWFET.csv,Temperature,-19.98012,-16.40473
610_HWFET.csv,Capacity,-1.58779,-0.0
610_HWFET.csv,WhAccu,-5.22932,-0.0
610_HWFET.csv,Cnt,3.0,3.0
610_HWFET.csv,Power,-19.8529251914,6.278548778999999
610_LA92.csv,Voltage,2.79959,4.20046
610_LA92.csv,Current,-5.99956,1.57844
610_LA92.csv,Temperature,-19.98012,-16.93052
610_LA92.csv,Capacity,-1.58789,-0.0
610_LA92.csv,WhAccu,-5.06918,-0.0
610_LA92.csv,Cnt,4.0,4.0
610_LA92.csv,Power,-20.754457894799998,6.2953027844000005
610_Mixed1.csv,Voltage,2.79487,4.20147
610_Mixed1.csv,Current,-6.22176,1.57844
610_Mixed1.csv,Temperature,-19.98012,-15.24799
610_Mixed1.csv,Capacity,-1.58788,-0.0
610_Mixed1.csv,WhAccu,-5.12844,-0.0
610_Mixed1.csv,Cnt,6.0,6.0
610_Mixed1.csv,Power,-21.487470335999998,6.201094036500001
610_Mixed2.csv,Voltage,2.79791,4.20147
610_Mixed2.csv,Current,-6.27795,1.50437
610_Mixed2.csv,Temperature,-19.87496,-14.61704
610_Mixed2.csv,Capacity,-1.5878,-0.0
610_Mixed2.csv,WhAccu,-5.10187,-0.0
610_Mixed2.csv,Cnt,7.0,7.0
610_Mixed2.csv,Power,-20.393162173599997,6.2848499281
610_UDDS.csv,Voltage,2.79925,4.20164
610_UDDS.csv,Current,-5.99956,1.49926
610_UDDS.csv,Temperature,-20.08528,-17.98211
610_UDDS.csv,Capacity,-1.58785,-0.0
610_UDDS.csv,WhAccu,-5.2501,-0.0
610_UDDS.csv,Cnt,2.0,2.0
610_UDDS.csv,Power,-20.175467219999998,6.285613250200001
610_US06.csv,Voltage,2.78796,4.20147
610_US06.csv,Current,-6.25497,1.57589
610_US06.csv,Temperature,-19.87496,-14.61704
610_US06.csv,Capacity,-1.58779,-0.0
610_US06.csv,WhAccu,-4.98225,-0.0
610_US06.csv,Cnt,5.0,5.0
610_US06.csv,Power,-21.6319914267,6.279042693299999
611_Cap_1C.csv,Voltage,2.79993,4.1895
611_Cap_1C.csv,Current,-3.00106,0.0
611_Cap_1C.csv,Temperature,-20.19044,-15.56346
611_Cap_1C.csv,Capacity,-1.61717,0.0
611_Cap_1C.csv,WhAccu,-5.27139,0.0
611_Cap_1C.csv,Cnt,1.0,1.0
611_Cap_1C.csv,Power,-10.572884432999999,0.0
611_Charge10.csv,Voltage,3.60981,4.19995
611_Charge10.csv,Current,0.0,3.00108
611_Charge10.csv,Temperature,-19.87496,24.92257
611_Charge10.csv,Capacity,0.0,1.54634
611_Charge10.csv,WhAccu,0.0,6.28661
611_Charge10.csv,Cnt,2.0,3.0
611_Charge10.csv,Power,0.0,12.526958781
611_Charge11.csv,Voltage,3.60273,4.19995
611_Charge11.csv,Current,0.0,2.99853
611_Charge11.csv,Temperature,-19.98012,25.02773
611_Charge11.csv,Capacity,0.0,1.54723
611_Charge11.csv,WhAccu,0.0,6.29006
611_Charge11.csv,Cnt,3.0,4.0
611_Charge11.csv,Power,0.0,12.526958781
611_Charge12.csv,Voltage,3.60627,4.19995
611_Charge12.csv,Current,0.0,3.00108
611_Charge12.csv,Temperature,-20.08528,24.92257
611_Charge12.csv,Capacity,0.0,1.5504
611_Charge12.csv,WhAccu,0.0,6.30263
611_Charge12.csv,Cnt,4.0,5.0
611_Charge12.csv,Power,0.0,12.572214329000001
611_Charge13.csv,Voltage,3.60357,4.19995
611_Charge13.csv,Current,0.0,3.00108
611_Charge13.csv,Temperature,-20.08528,24.92257
611_Charge13.csv,Capacity,0.0,1.54753
611_Charge13.csv,WhAccu,0.0,6.29155
611_Charge13.csv,Cnt,5.0,6.0
611_Charge13.csv,Power,0.0,12.527468531100002
611_Charge14.csv,Voltage,3.60526,4.19995
611_Charge14.csv,Current,0.0,3.00108
611_Charge14.csv,Temperature,-19.98012,24.92257
611_Charge14.csv,Capacity,0.0,1.54633
611_Charge14.csv,WhAccu,0.0,6.28699
611_Charge14.csv,Cnt,6.0,7.0
611_Charge14.csv,Power,0.0,12.529507531500002
611_Charge15.csv,Voltage,3.60138,4.19995
611_Charge15.csv,Current,0.0,2.99853
611_Charge15.csv,Temperature,-20.08528,25.44836
611_Charge15.csv,Capacity,0.0,1.54836
611_Charge15.csv,WhAccu,0.0,6.29479
611_Charge15.csv,Cnt,7.0,8.0
611_Charge15.csv,Power,0.0,12.5264490309
611_Charge17.csv,Voltage,4.18563,4.19979
611_Charge17.csv,Current,0.0,0.17368
611_Charge17.csv,Temperature,-20.19044,24.50194
611_Charge17.csv,Capacity,0.0,0.01026
611_Charge17.csv,WhAccu,0.0,0.04308
611_Charge17.csv,Cnt,1.0,2.0
611_Charge17.csv,Power,0.0,0.7294195272
611_Charge9.csv,Voltage,3.5793,4.19995
611_Charge9.csv,Current,0.0,3.00108
611_Charge9.csv,Temperature,-19.98012,24.92257
611_Charge9.csv,Capacity,0.0,1.61768
611_Charge9.csv,WhAccu,0.0,6.56118
611_Charge9.csv,Cnt,1.0,2.0
611_Charge9.csv,Power,0.0,12.5724464811
611_Mixed3.csv,Voltage,2.79942,4.20046
611_Mixed3.csv,Current,-6.23709,1.59888
611_Mixed3.csv,Temperature,-20.19044,-15.77378
611_Mixed3.csv,Capacity,-1.5364,-0.0
611_Mixed3.csv,WhAccu,-4.95963,-0.0
611_Mixed3.csv,Cnt,2.0,2.0
611_Mixed3.csv,Power,-22.3614645516,6.1551749737
611_Mixed4.csv,Voltage,2.79959,4.20097
611_Mixed4.csv,Current,-6.00211,1.55801
611_Mixed4.csv,Temperature,-19.98012,-15.77378
611_Mixed4.csv,Capacity,-1.53638,-5e-05
611_Mixed4.csv,WhAccu,-4.93601,-0.0002
611_Mixed4.csv,Cnt,3.0,3.0
611_Mixed4.csv,Power,-21.5048398768,6.2958125328
611_Mixed5.csv,Voltage,2.79976,4.20113
611_Mixed5.csv,Current,-6.00211,1.51459
611_Mixed5.csv,Temperature,-20.08528,-14.93251
611_Mixed5.csv,Capacity,-1.53642,-0.0
611_Mixed5.csv,WhAccu,-4.96489,-0.0
611_Mixed5.csv,Cnt,4.0,4.0
611_Mixed5.csv,Power,-20.7754034485,6.2942982802000005
611_Mixed6.csv,Voltage,2.78897,4.2013
611_Mixed6.csv,Current,-6.01488,1.60398
611_Mixed6.csv,Temperature,-19.98012,-15.9841
611_Mixed6.csv,Capacity,-1.5364,-0.0
611_Mixed6.csv,WhAccu,-4.96002,-0.0
611_Mixed6.csv,Cnt,5.0,5.0
611_Mixed6.csv,Power,-22.083932664,6.3286474482
611_Mixed7.csv,Voltage,2.79942,4.19962
611_Mixed7.csv,Current,-6.0251,1.52736
611_Mixed7.csv,Temperature,-20.08528,-15.9841
611_Mixed7.csv,Capacity,-1.53631,-0.0
611_Mixed7.csv,WhAccu,-4.94373,-0.0
611_Mixed7.csv,Cnt,6.0,6.0
611_Mixed7.csv,Power,-22.414938526,6.2649137509
611_Mixed8.csv,Voltage,2.79487,4.20046
611_Mixed8.csv,Current,-6.12215,1.58866
611_Mixed8.csv,Temperature,-19.98012,-15.66862
611_Mixed8.csv,Capacity,-1.53638,-4e-05
611_Mixed8.csv,WhAccu,-4.93227,-0.00015
611_Mixed8.csv,Cnt,7.0,7.0
611_Mixed8.csv,Power,-20.7291997472,6.327918738799999
611_PausCycl.csv,Voltage,3.13772,4.20147
611_PausCycl.csv,Current,-5.99956,1.49671
611_PausCycl.csv,Temperature,-20.08528,-18.19243
611_PausCycl.csv,Capacity,-0.2426,-0.0
611_PausCycl.csv,WhAccu,-0.84484,-0.0
611_PausCycl.csv,Cnt,8.0,8.0
611_PausCycl.csv,Power,-19.8010683072,6.2649137509
