File,Header_Line,Number_of_Columns,Columns
585_C20DisCh.csv,28,15,Time Stamp | Step | Status | Prog Time | Step Time | Cycle | Cycle Level | Procedure | Voltage | Current | Temperature | Capacity | WhAccu | Cnt | Unnamed: 14
585_Dis_0p5C.csv,28,15,Time Stamp | Step | Status | Prog Time | Step Time | Cycle | Cycle Level | Procedure | Voltage | Current | Temperature | Capacity | WhAccu | Cnt | Unnamed: 14
585_Dis_2C.csv,28,15,Time Stamp | Step | Status | Prog Time | Step Time | Cycle | Cycle Level | Procedure | Voltage | Current | Temperature | Capacity | WhAccu | Cnt | Unnamed: 14
585_HPPC.csv,28,15,Time Stamp | Step | Status | Prog Time | Step Time | Cycle | Cycle Level | Procedure | Voltage | Current | Temperature | Capacity | WhAccu | Cnt | Unnamed: 14
589_Cap_1C.csv,28,15,Time Stamp | Step | Status | Prog Time | Step Time | Cycle | Cycle Level | Procedure | Voltage | Current | Temperature | Capacity | WhAccu | Cnt | Unnamed: 14
589_Charge1.csv,28,15,Time Stamp | Step | Status | Prog Time | Step Time | Cycle | Cycle Level | Procedure | Voltage | Current | Temperature | Capacity | WhAccu | Cnt | Unnamed: 14
589_Charge2.csv,28,15,Time Stamp | Step | Status | Prog Time | Step Time | Cycle | Cycle Level | Procedure | Voltage | Current | Temperature | Capacity | WhAccu | Cnt | Unnamed: 14
589_Charge3.csv,28,15,Time Stamp | Step | Status | Prog Time | Step Time | Cycle | Cycle Level | Procedure | Voltage | Current | Temperature | Capacity | WhAccu | Cnt | Unnamed: 14
589_Charge4.csv,28,15,Time Stamp | Step | Status | Prog Time | Step Time | Cycle | Cycle Level | Procedure | Voltage | Current | Temperature | Capacity | WhAccu | Cnt | Unnamed: 14
589_Charge5.csv,28,15,Time Stamp | Step | Status | Prog Time | Step Time | Cycle | Cycle Level | Procedure | Voltage | Current | Temperature | Capacity | WhAccu | Cnt | Unnamed: 14
589_Charge6.csv,28,15,Time Stamp | Step | Status | Prog Time | Step Time | Cycle | Cycle Level | Procedure | Voltage | Current | Temperature | Capacity | WhAccu | Cnt | Unnamed: 14
589_Charge7.csv,28,15,Time Stamp | Step | Status | Prog Time | Step Time | Cycle | Cycle Level | Procedure | Voltage | Current | Temperature | Capacity | WhAccu | Cnt | Unnamed: 14
589_Charge8.csv,28,15,Time Stamp | Step | Status | Prog Time | Step Time | Cycle | Cycle Level | Procedure | Voltage | Current | Temperature | Capacity | WhAccu | Cnt | Unnamed: 14
589_HWFET.csv,28,15,Time Stamp | Step | Status | Prog Time | Step Time | Cycle | Cycle Level | Procedure | Voltage | Current | Temperature | Capacity | WhAccu | Cnt | Unnamed: 14
589_LA92.csv,28,15,Time Stamp | Step | Status | Prog Time | Step Time | Cycle | Cycle Level | Procedure | Voltage | Current | Temperature | Capacity | WhAccu | Cnt | Unnamed: 14
589_Mixed1.csv,28,15,Time Stamp | Step | Status | Prog Time | Step Time | Cycle | Cycle Level | Procedure | Voltage | Current | Temperature | Capacity | WhAccu | Cnt | Unnamed: 14
589_Mixed2.csv,28,15,Time Stamp | Step | Status | Prog Time | Step Time | Cycle | Cycle Level | Procedure | Voltage | Current | Temperature | Capacity | WhAccu | Cnt | Unnamed: 14
589_UDDS.csv,28,15,Time Stamp | Step | Status | Prog Time | Step Time | Cycle | Cycle Level | Procedure | Voltage | Current | Temperature | Capacity | WhAccu | Cnt | Unnamed: 14
589_US06.csv,28,15,Time Stamp | Step | Status | Prog Time | Step Time | Cycle | Cycle Level | Procedure | Voltage | Current | Temperature | Capacity | WhAccu | Cnt | Unnamed: 14
590_Charge10.csv,28,15,Time Stamp | Step | Status | Prog Time | Step Time | Cycle | Cycle Level | Procedure | Voltage | Current | Temperature | Capacity | WhAccu | Cnt | Unnamed: 14
590_Charge11.csv,28,15,Time Stamp | Step | Status | Prog Time | Step Time | Cycle | Cycle Level | Procedure | Voltage | Current | Temperature | Capacity | WhAccu | Cnt | Unnamed: 14
590_Charge12.csv,28,15,Time Stamp | Step | Status | Prog Time | Step Time | Cycle | Cycle Level | Procedure | Voltage | Current | Temperature | Capacity | WhAccu | Cnt | Unnamed: 14
590_Charge13.csv,28,15,Time Stamp | Step | Status | Prog Time | Step Time | Cycle | Cycle Level | Procedure | Voltage | Current | Temperature | Capacity | WhAccu | Cnt | Unnamed: 14
590_Charge14.csv,28,15,Time Stamp | Step | Status | Prog Time | Step Time | Cycle | Cycle Level | Procedure | Voltage | Current | Temperature | Capacity | WhAccu | Cnt | Unnamed: 14
590_Charge15.csv,28,15,Time Stamp | Step | Status | Prog Time | Step Time | Cycle | Cycle Level | Procedure | Voltage | Current | Temperature | Capacity | WhAccu | Cnt | Unnamed: 14
590_Charge16.csv,28,15,Time Stamp | Step | Status | Prog Time | Step Time | Cycle | Cycle Level | Procedure | Voltage | Current | Temperature | Capacity | WhAccu | Cnt | Unnamed: 14
590_Mixed4.csv,28,15,Time Stamp | Step | Status | Prog Time | Step Time | Cycle | Cycle Level | Procedure | Voltage | Current | Temperature | Capacity | WhAccu | Cnt | Unnamed: 14
590_Mixed5.csv,28,15,Time Stamp | Step | Status | Prog Time | Step Time | Cycle | Cycle Level | Procedure | Voltage | Current | Temperature | Capacity | WhAccu | Cnt | Unnamed: 14
590_Mixed6.csv,28,15,Time Stamp | Step | Status | Prog Time | Step Time | Cycle | Cycle Level | Procedure | Voltage | Current | Temperature | Capacity | WhAccu | Cnt | Unnamed: 14
590_Mixed7.csv,28,15,Time Stamp | Step | Status | Prog Time | Step Time | Cycle | Cycle Level | Procedure | Voltage | Current | Temperature | Capacity | WhAccu | Cnt | Unnamed: 14
590_Mixed8.csv,28,15,Time Stamp | Step | Status | Prog Time | Step Time | Cycle | Cycle Level | Procedure | Voltage | Current | Temperature | Capacity | WhAccu | Cnt | Unnamed: 14
590_PausCycl.csv,28,15,Time Stamp | Step | Status | Prog Time | Step Time | Cycle | Cycle Level | Procedure | Voltage | Current | Temperature | Capacity | WhAccu | Cnt | Unnamed: 14
567_Charge6.csv,28,15,Time Stamp | Step | Status | Prog Time | Step Time | Cycle | Cycle Level | Procedure | Voltage | Current | Temperature | Capacity | WhAccu | Cnt | Unnamed: 14
567_Charge7.csv,28,15,Time Stamp | Step | Status | Prog Time | Step Time | Cycle | Cycle Level | Procedure | Voltage | Current | Temperature | Capacity | WhAccu | Cnt | Unnamed: 14
567_Charge8.csv,28,15,Time Stamp | Step | Status | Prog Time | Step Time | Cycle | Cycle Level | Procedure | Voltage | Current | Temperature | Capacity | WhAccu | Cnt | Unnamed: 14
567_Mixed1.csv,28,15,Time Stamp | Step | Status | Prog Time | Step Time | Cycle | Cycle Level | Procedure | Voltage | Current | Temperature | Capacity | WhAccu | Cnt | Unnamed: 14
567_Mixed2.csv,28,15,Time Stamp | Step | Status | Prog Time | Step Time | Cycle | Cycle Level | Procedure | Voltage | Current | Temperature | Capacity | WhAccu | Cnt | Unnamed: 14
567_US06.csv,28,15,Time Stamp | Step | Status | Prog Time | Step Time | Cycle | Cycle Level | Procedure | Voltage | Current | Temperature | Capacity | WhAccu | Cnt | Unnamed: 14
571_Cap_1C.csv,28,15,Time Stamp | Step | Status | Prog Time | Step Time | Cycle | Cycle Level | Procedure | Voltage | Current | Temperature | Capacity | WhAccu | Cnt | Unnamed: 14
571_Charge10.csv,28,15,Time Stamp | Step | Status | Prog Time | Step Time | Cycle | Cycle Level | Procedure | Voltage | Current | Temperature | Capacity | WhAccu | Cnt | Unnamed: 14
571_Charge11.csv,28,15,Time Stamp | Step | Status | Prog Time | Step Time | Cycle | Cycle Level | Procedure | Voltage | Current | Temperature | Capacity | WhAccu | Cnt | Unnamed: 14
571_Charge12.csv,28,15,Time Stamp | Step | Status | Prog Time | Step Time | Cycle | Cycle Level | Procedure | Voltage | Current | Temperature | Capacity | WhAccu | Cnt | Unnamed: 14
571_Charge13.csv,28,15,Time Stamp | Step | Status | Prog Time | Step Time | Cycle | Cycle Level | Procedure | Voltage | Current | Temperature | Capacity | WhAccu | Cnt | Unnamed: 14
571_Charge14.csv,28,15,Time Stamp | Step | Status | Prog Time | Step Time | Cycle | Cycle Level | Procedure | Voltage | Current | Temperature | Capacity | WhAccu | Cnt | Unnamed: 14
571_Charge15.csv,28,15,Time Stamp | Step | Status | Prog Time | Step Time | Cycle | Cycle Level | Procedure | Voltage | Current | Temperature | Capacity | WhAccu | Cnt | Unnamed: 14
571_Charge16.csv,28,15,Time Stamp | Step | Status | Prog Time | Step Time | Cycle | Cycle Level | Procedure | Voltage | Current | Temperature | Capacity | WhAccu | Cnt | Unnamed: 14
571_Mixed4.csv,28,15,Time Stamp | Step | Status | Prog Time | Step Time | Cycle | Cycle Level | Procedure | Voltage | Current | Temperature | Capacity | WhAccu | Cnt | Unnamed: 14
571_Mixed5.csv,28,15,Time Stamp | Step | Status | Prog Time | Step Time | Cycle | Cycle Level | Procedure | Voltage | Current | Temperature | Capacity | WhAccu | Cnt | Unnamed: 14
571_Mixed6.csv,28,15,Time Stamp | Step | Status | Prog Time | Step Time | Cycle | Cycle Level | Procedure | Voltage | Current | Temperature | Capacity | WhAccu | Cnt | Unnamed: 14
571_Mixed7.csv,28,15,Time Stamp | Step | Status | Prog Time | Step Time | Cycle | Cycle Level | Procedure | Voltage | Current | Temperature | Capacity | WhAccu | Cnt | Unnamed: 14
571_Mixed8.csv,28,15,Time Stamp | Step | Status | Prog Time | Step Time | Cycle | Cycle Level | Procedure | Voltage | Current | Temperature | Capacity | WhAccu | Cnt | Unnamed: 14
571_PausCycl.csv,28,15,Time Stamp | Step | Status | Prog Time | Step Time | Cycle | Cycle Level | Procedure | Voltage | Current | Temperature | Capacity | WhAccu | Cnt | Unnamed: 14
575_C20DisCh.csv,28,15,Time Stamp | Step | Status | Prog Time | Step Time | Cycle | Cycle Level | Procedure | Voltage | Current | Temperature | Capacity | WhAccu | Cnt | Unnamed: 14
575_Dis_0p5C.csv,28,15,Time Stamp | Step | Status | Prog Time | Step Time | Cycle | Cycle Level | Procedure | Voltage | Current | Temperature | Capacity | WhAccu | Cnt | Unnamed: 14
575_Dis_2C.csv,28,15,Time Stamp | Step | Status | Prog Time | Step Time | Cycle | Cycle Level | Procedure | Voltage | Current | Temperature | Capacity | WhAccu | Cnt | Unnamed: 14
575_HPPC.csv,28,15,Time Stamp | Step | Status | Prog Time | Step Time | Cycle | Cycle Level | Procedure | Voltage | Current | Temperature | Capacity | WhAccu | Cnt | Unnamed: 14
576_Cap_1C.csv,28,15,Time Stamp | Step | Status | Prog Time | Step Time | Cycle | Cycle Level | Procedure | Voltage | Current | Temperature | Capacity | WhAccu | Cnt | Unnamed: 14
576_Charge1.csv,28,15,Time Stamp | Step | Status | Prog Time | Step Time | Cycle | Cycle Level | Procedure | Voltage | Current | Temperature | Capacity | WhAccu | Cnt | Unnamed: 14
576_Charge2.csv,28,15,Time Stamp | Step | Status | Prog Time | Step Time | Cycle | Cycle Level | Procedure | Voltage | Current | Temperature | Capacity | WhAccu | Cnt | Unnamed: 14
576_Charge3.csv,28,15,Time Stamp | Step | Status | Prog Time | Step Time | Cycle | Cycle Level | Procedure | Voltage | Current | Temperature | Capacity | WhAccu | Cnt | Unnamed: 14
576_Charge4.csv,28,15,Time Stamp | Step | Status | Prog Time | Step Time | Cycle | Cycle Level | Procedure | Voltage | Current | Temperature | Capacity | WhAccu | Cnt | Unnamed: 14
576_HWFET.csv,28,15,Time Stamp | Step | Status | Prog Time | Step Time | Cycle | Cycle Level | Procedure | Voltage | Current | Temperature | Capacity | WhAccu | Cnt | Unnamed: 14
576_UDDS.csv,28,15,Time Stamp | Step | Status | Prog Time | Step Time | Cycle | Cycle Level | Procedure | Voltage | Current | Temperature | Capacity | WhAccu | Cnt | Unnamed: 14
582_LA92.csv,28,15,Time Stamp | Step | Status | Prog Time | Step Time | Cycle | Cycle Level | Procedure | Voltage | Current | Temperature | Capacity | WhAccu | Cnt | Unnamed: 14
549_C20DisCh.csv,28,15,Time Stamp | Step | Status | Prog Time | Step Time | Cycle | Cycle Level | Procedure | Voltage | Current | Temperature | Capacity | WhAccu | Cnt | Unnamed: 14
549_Charge.csv,26,14,Time Stamp | Step | Status | Prog Time | Step Time | Cycle | Cycle Level | Procedure | Voltage | Current | Temperature | Capacity | WhAccu | Cnt
549_Dis_0p5C.csv,28,15,Time Stamp | Step | Status | Prog Time | Step Time | Cycle | Cycle Level | Procedure | Voltage | Current | Temperature | Capacity | WhAccu | Cnt | Unnamed: 14
549_Dis_2C.csv,28,15,Time Stamp | Step | Status | Prog Time | Step Time | Cycle | Cycle Level | Procedure | Voltage | Current | Temperature | Capacity | WhAccu | Cnt | Unnamed: 14
549_HPPC.csv,28,15,Time Stamp | Step | Status | Prog Time | Step Time | Cycle | Cycle Level | Procedure | Voltage | Current | Temperature | Capacity | WhAccu | Cnt | Unnamed: 14
551_Cap_1C.csv,28,15,Time Stamp | Step | Status | Prog Time | Step Time | Cycle | Cycle Level | Procedure | Voltage | Current | Temperature | Capacity | WhAccu | Cnt | Unnamed: 14
551_Charge1.csv,28,15,Time Stamp | Step | Status | Prog Time | Step Time | Cycle | Cycle Level | Procedure | Voltage | Current | Temperature | Capacity | WhAccu | Cnt | Unnamed: 14
551_Charge2.csv,28,15,Time Stamp | Step | Status | Prog Time | Step Time | Cycle | Cycle Level | Procedure | Voltage | Current | Temperature | Capacity | WhAccu | Cnt | Unnamed: 14
551_Charge3.csv,28,15,Time Stamp | Step | Status | Prog Time | Step Time | Cycle | Cycle Level | Procedure | Voltage | Current | Temperature | Capacity | WhAccu | Cnt | Unnamed: 14
551_Charge4.csv,28,15,Time Stamp | Step | Status | Prog Time | Step Time | Cycle | Cycle Level | Procedure | Voltage | Current | Temperature | Capacity | WhAccu | Cnt | Unnamed: 14
551_Charge5.csv,28,15,Time Stamp | Step | Status | Prog Time | Step Time | Cycle | Cycle Level | Procedure | Voltage | Current | Temperature | Capacity | WhAccu | Cnt | Unnamed: 14
551_Charge6.csv,28,15,Time Stamp | Step | Status | Prog Time | Step Time | Cycle | Cycle Level | Procedure | Voltage | Current | Temperature | Capacity | WhAccu | Cnt | Unnamed: 14
551_Charge7.csv,28,15,Time Stamp | Step | Status | Prog Time | Step Time | Cycle | Cycle Level | Procedure | Voltage | Current | Temperature | Capacity | WhAccu | Cnt | Unnamed: 14
551_Charge8.csv,28,15,Time Stamp | Step | Status | Prog Time | Step Time | Cycle | Cycle Level | Procedure | Voltage | Current | Temperature | Capacity | WhAccu | Cnt | Unnamed: 14
551_HWFET.csv,28,15,Time Stamp | Step | Status | Prog Time | Step Time | Cycle | Cycle Level | Procedure | Voltage | Current | Temperature | Capacity | WhAccu | Cnt | Unnamed: 14
551_LA92.csv,28,15,Time Stamp | Step | Status | Prog Time | Step Time | Cycle | Cycle Level | Procedure | Voltage | Current | Temperature | Capacity | WhAccu | Cnt | Unnamed: 14
551_Mixed1.csv,28,15,Time Stamp | Step | Status | Prog Time | Step Time | Cycle | Cycle Level | Procedure | Voltage | Current | Temperature | Capacity | WhAccu | Cnt | Unnamed: 14
551_Mixed2.csv,28,15,Time Stamp | Step | Status | Prog Time | Step Time | Cycle | Cycle Level | Procedure | Voltage | Current | Temperature | Capacity | WhAccu | Cnt | Unnamed: 14
551_UDDS.csv,28,15,Time Stamp | Step | Status | Prog Time | Step Time | Cycle | Cycle Level | Procedure | Voltage | Current | Temperature | Capacity | WhAccu | Cnt | Unnamed: 14
551_US06.csv,28,15,Time Stamp | Step | Status | Prog Time | Step Time | Cycle | Cycle Level | Procedure | Voltage | Current | Temperature | Capacity | WhAccu | Cnt | Unnamed: 14
552_Cap_1C.csv,28,15,Time Stamp | Step | Status | Prog Time | Step Time | Cycle | Cycle Level | Procedure | Voltage | Current | Temperature | Capacity | WhAccu | Cnt | Unnamed: 14
552_Charge10.csv,28,15,Time Stamp | Step | Status | Prog Time | Step Time | Cycle | Cycle Level | Procedure | Voltage | Current | Temperature | Capacity | WhAccu | Cnt | Unnamed: 14
552_Charge11.csv,28,15,Time Stamp | Step | Status | Prog Time | Step Time | Cycle | Cycle Level | Procedure | Voltage | Current | Temperature | Capacity | WhAccu | Cnt | Unnamed: 14
552_Charge12.csv,28,15,Time Stamp | Step | Status | Prog Time | Step Time | Cycle | Cycle Level | Procedure | Voltage | Current | Temperature | Capacity | WhAccu | Cnt | Unnamed: 14
552_Charge13.csv,28,15,Time Stamp | Step | Status | Prog Time | Step Time | Cycle | Cycle Level | Procedure | Voltage | Current | Temperature | Capacity | WhAccu | Cnt | Unnamed: 14
552_Charge14.csv,28,15,Time Stamp | Step | Status | Prog Time | Step Time | Cycle | Cycle Level | Procedure | Voltage | Current | Temperature | Capacity | WhAccu | Cnt | Unnamed: 14
552_Charge15.csv,28,15,Time Stamp | Step | Status | Prog Time | Step Time | Cycle | Cycle Level | Procedure | Voltage | Current | Temperature | Capacity | WhAccu | Cnt | Unnamed: 14
552_Charge16.csv,28,15,Time Stamp | Step | Status | Prog Time | Step Time | Cycle | Cycle Level | Procedure | Voltage | Current | Temperature | Capacity | WhAccu | Cnt | Unnamed: 14
552_Charge9.csv,28,15,Time Stamp | Step | Status | Prog Time | Step Time | Cycle | Cycle Level | Procedure | Voltage | Current | Temperature | Capacity | WhAccu | Cnt | Unnamed: 14
552_Mixed3.csv,28,15,Time Stamp | Step | Status | Prog Time | Step Time | Cycle | Cycle Level | Procedure | Voltage | Current | Temperature | Capacity | WhAccu | Cnt | Unnamed: 14
552_Mixed4.csv,28,15,Time Stamp | Step | Status | Prog Time | Step Time | Cycle | Cycle Level | Procedure | Voltage | Current | Temperature | Capacity | WhAccu | Cnt | Unnamed: 14
552_Mixed5.csv,28,15,Time Stamp | Step | Status | Prog Time | Step Time | Cycle | Cycle Level | Procedure | Voltage | Current | Temperature | Capacity | WhAccu | Cnt | Unnamed: 14
552_Mixed6.csv,28,15,Time Stamp | Step | Status | Prog Time | Step Time | Cycle | Cycle Level | Procedure | Voltage | Current | Temperature | Capacity | WhAccu | Cnt | Unnamed: 14
552_Mixed7.csv,28,15,Time Stamp | Step | Status | Prog Time | Step Time | Cycle | Cycle Level | Procedure | Voltage | Current | Temperature | Capacity | WhAccu | Cnt | Unnamed: 14
552_Mixed8.csv,28,15,Time Stamp | Step | Status | Prog Time | Step Time | Cycle | Cycle Level | Procedure | Voltage | Current | Temperature | Capacity | WhAccu | Cnt | Unnamed: 14
552_PausCycl.csv,28,15,Time Stamp | Step | Status | Prog Time | Step Time | Cycle | Cycle Level | Procedure | Voltage | Current | Temperature | Capacity | WhAccu | Cnt | Unnamed: 14
555_C20DisCh.csv,28,15,Time Stamp | Step | Status | Prog Time | Step Time | Cycle | Cycle Level | Procedure | Voltage | Current | Temperature | Capacity | WhAccu | Cnt | Unnamed: 14
555_Dis_0p5C.csv,28,15,Time Stamp | Step | Status | Prog Time | Step Time | Cycle | Cycle Level | Procedure | Voltage | Current | Temperature | Capacity | WhAccu | Cnt | Unnamed: 14
555_Dis_2C.csv,28,15,Time Stamp | Step | Status | Prog Time | Step Time | Cycle | Cycle Level | Procedure | Voltage | Current | Temperature | Capacity | WhAccu | Cnt | Unnamed: 14
555_HPPC.csv,28,15,Time Stamp | Step | Status | Prog Time | Step Time | Cycle | Cycle Level | Procedure | Voltage | Current | Temperature | Capacity | WhAccu | Cnt | Unnamed: 14
556_Charge1.csv,28,15,Time Stamp | Step | Status | Prog Time | Step Time | Cycle | Cycle Level | Procedure | Voltage | Current | Temperature | Capacity | WhAccu | Cnt | Unnamed: 14
556_Charge2.csv,28,15,Time Stamp | Step | Status | Prog Time | Step Time | Cycle | Cycle Level | Procedure | Voltage | Current | Temperature | Capacity | WhAccu | Cnt | Unnamed: 14
556_Charge3.csv,28,15,Time Stamp | Step | Status | Prog Time | Step Time | Cycle | Cycle Level | Procedure | Voltage | Current | Temperature | Capacity | WhAccu | Cnt | Unnamed: 14
556_Charge4.csv,28,15,Time Stamp | Step | Status | Prog Time | Step Time | Cycle | Cycle Level | Procedure | Voltage | Current | Temperature | Capacity | WhAccu | Cnt | Unnamed: 14
556_Charge5.csv,28,15,Time Stamp | Step | Status | Prog Time | Step Time | Cycle | Cycle Level | Procedure | Voltage | Current | Temperature | Capacity | WhAccu | Cnt | Unnamed: 14
556_Charge6.csv,28,15,Time Stamp | Step | Status | Prog Time | Step Time | Cycle | Cycle Level | Procedure | Voltage | Current | Temperature | Capacity | WhAccu | Cnt | Unnamed: 14
556_Charge7.csv,28,15,Time Stamp | Step | Status | Prog Time | Step Time | Cycle | Cycle Level | Procedure | Voltage | Current | Temperature | Capacity | WhAccu | Cnt | Unnamed: 14
556_Charge8.csv,28,15,Time Stamp | Step | Status | Prog Time | Step Time | Cycle | Cycle Level | Procedure | Voltage | Current | Temperature | Capacity | WhAccu | Cnt | Unnamed: 14
556_HWFET.csv,28,15,Time Stamp | Step | Status | Prog Time | Step Time | Cycle | Cycle Level | Procedure | Voltage | Current | Temperature | Capacity | WhAccu | Cnt | Unnamed: 14
556_LA92.csv,28,15,Time Stamp | Step | Status | Prog Time | Step Time | Cycle | Cycle Level | Procedure | Voltage | Current | Temperature | Capacity | WhAccu | Cnt | Unnamed: 14
556_Mixed1.csv,28,15,Time Stamp | Step | Status | Prog Time | Step Time | Cycle | Cycle Level | Procedure | Voltage | Current | Temperature | Capacity | WhAccu | Cnt | Unnamed: 14
556_Mixed2.csv,28,15,Time Stamp | Step | Status | Prog Time | Step Time | Cycle | Cycle Level | Procedure | Voltage | Current | Temperature | Capacity | WhAccu | Cnt | Unnamed: 14
556_UDDS.csv,28,15,Time Stamp | Step | Status | Prog Time | Step Time | Cycle | Cycle Level | Procedure | Voltage | Current | Temperature | Capacity | WhAccu | Cnt | Unnamed: 14
556_US06.csv,28,15,Time Stamp | Step | Status | Prog Time | Step Time | Cycle | Cycle Level | Procedure | Voltage | Current | Temperature | Capacity | WhAccu | Cnt | Unnamed: 14
557_Cap_1C.csv,28,15,Time Stamp | Step | Status | Prog Time | Step Time | Cycle | Cycle Level | Procedure | Voltage | Current | Temperature | Capacity | WhAccu | Cnt | Unnamed: 14
557_Charge10.csv,28,15,Time Stamp | Step | Status | Prog Time | Step Time | Cycle | Cycle Level | Procedure | Voltage | Current | Temperature | Capacity | WhAccu | Cnt | Unnamed: 14
557_Charge9.csv,28,15,Time Stamp | Step | Status | Prog Time | Step Time | Cycle | Cycle Level | Procedure | Voltage | Current | Temperature | Capacity | WhAccu | Cnt | Unnamed: 14
557_Mixed3.csv,28,15,Time Stamp | Step | Status | Prog Time | Step Time | Cycle | Cycle Level | Procedure | Voltage | Current | Temperature | Capacity | WhAccu | Cnt | Unnamed: 14
562_Charge10.csv,28,15,Time Stamp | Step | Status | Prog Time | Step Time | Cycle | Cycle Level | Procedure | Voltage | Current | Temperature | Capacity | WhAccu | Cnt | Unnamed: 14
562_Charge11.csv,28,15,Time Stamp | Step | Status | Prog Time | Step Time | Cycle | Cycle Level | Procedure | Voltage | Current | Temperature | Capacity | WhAccu | Cnt | Unnamed: 14
562_Charge12.csv,28,15,Time Stamp | Step | Status | Prog Time | Step Time | Cycle | Cycle Level | Procedure | Voltage | Current | Temperature | Capacity | WhAccu | Cnt | Unnamed: 14
562_Charge13.csv,28,15,Time Stamp | Step | Status | Prog Time | Step Time | Cycle | Cycle Level | Procedure | Voltage | Current | Temperature | Capacity | WhAccu | Cnt | Unnamed: 14
562_Charge14.csv,28,15,Time Stamp | Step | Status | Prog Time | Step Time | Cycle | Cycle Level | Procedure | Voltage | Current | Temperature | Capacity | WhAccu | Cnt | Unnamed: 14
562_Charge15.csv,28,15,Time Stamp | Step | Status | Prog Time | Step Time | Cycle | Cycle Level | Procedure | Voltage | Current | Temperature | Capacity | WhAccu | Cnt | Unnamed: 14
562_Charge16.csv,28,15,Time Stamp | Step | Status | Prog Time | Step Time | Cycle | Cycle Level | Procedure | Voltage | Current | Temperature | Capacity | WhAccu | Cnt | Unnamed: 14
562_Mixed4.csv,28,15,Time Stamp | Step | Status | Prog Time | Step Time | Cycle | Cycle Level | Procedure | Voltage | Current | Temperature | Capacity | WhAccu | Cnt | Unnamed: 14
562_Mixed5.csv,28,15,Time Stamp | Step | Status | Prog Time | Step Time | Cycle | Cycle Level | Procedure | Voltage | Current | Temperature | Capacity | WhAccu | Cnt | Unnamed: 14
562_Mixed6.csv,28,15,Time Stamp | Step | Status | Prog Time | Step Time | Cycle | Cycle Level | Procedure | Voltage | Current | Temperature | Capacity | WhAccu | Cnt | Unnamed: 14
562_Mixed7.csv,28,15,Time Stamp | Step | Status | Prog Time | Step Time | Cycle | Cycle Level | Procedure | Voltage | Current | Temperature | Capacity | WhAccu | Cnt | Unnamed: 14
562_Mixed8.csv,28,15,Time Stamp | Step | Status | Prog Time | Step Time | Cycle | Cycle Level | Procedure | Voltage | Current | Temperature | Capacity | WhAccu | Cnt | Unnamed: 14
562_PausCycl.csv,28,15,Time Stamp | Step | Status | Prog Time | Step Time | Cycle | Cycle Level | Procedure | Voltage | Current | Temperature | Capacity | WhAccu | Cnt | Unnamed: 14
593_C20DisCh.csv,28,15,Time Stamp | Step | Status | Prog Time | Step Time | Cycle | Cycle Level | Procedure | Voltage | Current | Temperature | Capacity | WhAccu | Cnt | Unnamed: 14
593_Dis_0p5C.csv,28,15,Time Stamp | Step | Status | Prog Time | Step Time | Cycle | Cycle Level | Procedure | Voltage | Current | Temperature | Capacity | WhAccu | Cnt | Unnamed: 14
593_Dis_2C.csv,28,15,Time Stamp | Step | Status | Prog Time | Step Time | Cycle | Cycle Level | Procedure | Voltage | Current | Temperature | Capacity | WhAccu | Cnt | Unnamed: 14
593_HPPC.csv,28,15,Time Stamp | Step | Status | Prog Time | Step Time | Cycle | Cycle Level | Procedure | Voltage | Current | Temperature | Capacity | WhAccu | Cnt | Unnamed: 14
596_Cap_1C.csv,28,15,Time Stamp | Step | Status | Prog Time | Step Time | Cycle | Cycle Level | Procedure | Voltage | Current | Temperature | Capacity | WhAccu | Cnt | Unnamed: 14
596_Charge1.csv,28,15,Time Stamp | Step | Status | Prog Time | Step Time | Cycle | Cycle Level | Procedure | Voltage | Current | Temperature | Capacity | WhAccu | Cnt | Unnamed: 14
596_Charge2.csv,28,15,Time Stamp | Step | Status | Prog Time | Step Time | Cycle | Cycle Level | Procedure | Voltage | Current | Temperature | Capacity | WhAccu | Cnt | Unnamed: 14
596_Charge3.csv,28,15,Time Stamp | Step | Status | Prog Time | Step Time | Cycle | Cycle Level | Procedure | Voltage | Current | Temperature | Capacity | WhAccu | Cnt | Unnamed: 14
596_Charge4.csv,28,15,Time Stamp | Step | Status | Prog Time | Step Time | Cycle | Cycle Level | Procedure | Voltage | Current | Temperature | Capacity | WhAccu | Cnt | Unnamed: 14
596_Charge5.csv,28,15,Time Stamp | Step | Status | Prog Time | Step Time | Cycle | Cycle Level | Procedure | Voltage | Current | Temperature | Capacity | WhAccu | Cnt | Unnamed: 14
596_HWFET.csv,28,15,Time Stamp | Step | Status | Prog Time | Step Time | Cycle | Cycle Level | Procedure | Voltage | Current | Temperature | Capacity | WhAccu | Cnt | Unnamed: 14
596_LA92.csv,28,15,Time Stamp | Step | Status | Prog Time | Step Time | Cycle | Cycle Level | Procedure | Voltage | Current | Temperature | Capacity | WhAccu | Cnt | Unnamed: 14
596_UDDS.csv,28,15,Time Stamp | Step | Status | Prog Time | Step Time | Cycle | Cycle Level | Procedure | Voltage | Current | Temperature | Capacity | WhAccu | Cnt | Unnamed: 14
601_Charge6.csv,28,15,Time Stamp | Step | Status | Prog Time | Step Time | Cycle | Cycle Level | Procedure | Voltage | Current | Temperature | Capacity | WhAccu | Cnt | Unnamed: 14
601_Charge7.csv,28,15,Time Stamp | Step | Status | Prog Time | Step Time | Cycle | Cycle Level | Procedure | Voltage | Current | Temperature | Capacity | WhAccu | Cnt | Unnamed: 14
601_Charge8.csv,28,15,Time Stamp | Step | Status | Prog Time | Step Time | Cycle | Cycle Level | Procedure | Voltage | Current | Temperature | Capacity | WhAccu | Cnt | Unnamed: 14
601_Mixed1.csv,28,15,Time Stamp | Step | Status | Prog Time | Step Time | Cycle | Cycle Level | Procedure | Voltage | Current | Temperature | Capacity | WhAccu | Cnt | Unnamed: 14
601_Mixed2.csv,28,15,Time Stamp | Step | Status | Prog Time | Step Time | Cycle | Cycle Level | Procedure | Voltage | Current | Temperature | Capacity | WhAccu | Cnt | Unnamed: 14
601_US06.csv,28,15,Time Stamp | Step | Status | Prog Time | Step Time | Cycle | Cycle Level | Procedure | Voltage | Current | Temperature | Capacity | WhAccu | Cnt | Unnamed: 14
602_Cap_1C.csv,28,15,Time Stamp | Step | Status | Prog Time | Step Time | Cycle | Cycle Level | Procedure | Voltage | Current | Temperature | Capacity | WhAccu | Cnt | Unnamed: 14
602_Charge10.csv,28,15,Time Stamp | Step | Status | Prog Time | Step Time | Cycle | Cycle Level | Procedure | Voltage | Current | Temperature | Capacity | WhAccu | Cnt | Unnamed: 14
602_Charge11.csv,28,15,Time Stamp | Step | Status | Prog Time | Step Time | Cycle | Cycle Level | Procedure | Voltage | Current | Temperature | Capacity | WhAccu | Cnt | Unnamed: 14
602_Charge12.csv,28,15,Time Stamp | Step | Status | Prog Time | Step Time | Cycle | Cycle Level | Procedure | Voltage | Current | Temperature | Capacity | WhAccu | Cnt | Unnamed: 14
602_Charge17.csv,28,15,Time Stamp | Step | Status | Prog Time | Step Time | Cycle | Cycle Level | Procedure | Voltage | Current | Temperature | Capacity | WhAccu | Cnt | Unnamed: 14
602_Mixed4.csv,28,15,Time Stamp | Step | Status | Prog Time | Step Time | Cycle | Cycle Level | Procedure | Voltage | Current | Temperature | Capacity | WhAccu | Cnt | Unnamed: 14
602_Mixed5.csv,28,15,Time Stamp | Step | Status | Prog Time | Step Time | Cycle | Cycle Level | Procedure | Voltage | Current | Temperature | Capacity | WhAccu | Cnt | Unnamed: 14
604_Charge10.csv,28,15,Time Stamp | Step | Status | Prog Time | Step Time | Cycle | Cycle Level | Procedure | Voltage | Current | Temperature | Capacity | WhAccu | Cnt | Unnamed: 14
604_Charge13.csv,28,15,Time Stamp | Step | Status | Prog Time | Step Time | Cycle | Cycle Level | Procedure | Voltage | Current | Temperature | Capacity | WhAccu | Cnt | Unnamed: 14
604_Charge14.csv,28,15,Time Stamp | Step | Status | Prog Time | Step Time | Cycle | Cycle Level | Procedure | Voltage | Current | Temperature | Capacity | WhAccu | Cnt | Unnamed: 14
604_Charge15.csv,28,15,Time Stamp | Step | Status | Prog Time | Step Time | Cycle | Cycle Level | Procedure | Voltage | Current | Temperature | Capacity | WhAccu | Cnt | Unnamed: 14
604_Charge16.csv,28,15,Time Stamp | Step | Status | Prog Time | Step Time | Cycle | Cycle Level | Procedure | Voltage | Current | Temperature | Capacity | WhAccu | Cnt | Unnamed: 14
604_Charge17.csv,28,15,Time Stamp | Step | Status | Prog Time | Step Time | Cycle | Cycle Level | Procedure | Voltage | Current | Temperature | Capacity | WhAccu | Cnt | Unnamed: 14
604_Charge9.csv,28,15,Time Stamp | Step | Status | Prog Time | Step Time | Cycle | Cycle Level | Procedure | Voltage | Current | Temperature | Capacity | WhAccu | Cnt | Unnamed: 14
604_Mixed3.csv,28,15,Time Stamp | Step | Status | Prog Time | Step Time | Cycle | Cycle Level | Procedure | Voltage | Current | Temperature | Capacity | WhAccu | Cnt | Unnamed: 14
604_Mixed6.csv,28,15,Time Stamp | Step | Status | Prog Time | Step Time | Cycle | Cycle Level | Procedure | Voltage | Current | Temperature | Capacity | WhAccu | Cnt | Unnamed: 14
604_Mixed7.csv,28,15,Time Stamp | Step | Status | Prog Time | Step Time | Cycle | Cycle Level | Procedure | Voltage | Current | Temperature | Capacity | WhAccu | Cnt | Unnamed: 14
604_Mixed8.csv,28,15,Time Stamp | Step | Status | Prog Time | Step Time | Cycle | Cycle Level | Procedure | Voltage | Current | Temperature | Capacity | WhAccu | Cnt | Unnamed: 14
604_PausCycl.csv,28,15,Time Stamp | Step | Status | Prog Time | Step Time | Cycle | Cycle Level | Procedure | Voltage | Current | Temperature | Capacity | WhAccu | Cnt | Unnamed: 14
607_C20DisCh.csv,28,15,Time Stamp | Step | Status | Prog Time | Step Time | Cycle | Cycle Level | Procedure | Voltage | Current | Temperature | Capacity | WhAccu | Cnt | Unnamed: 14
607_Dis_0p5C.csv,28,15,Time Stamp | Step | Status | Prog Time | Step Time | Cycle | Cycle Level | Procedure | Voltage | Current | Temperature | Capacity | WhAccu | Cnt | Unnamed: 14
607_Dis_2C.csv,28,15,Time Stamp | Step | Status | Prog Time | Step Time | Cycle | Cycle Level | Procedure | Voltage | Current | Temperature | Capacity | WhAccu | Cnt | Unnamed: 14
607_HPPC.csv,28,15,Time Stamp | Step | Status | Prog Time | Step Time | Cycle | Cycle Level | Procedure | Voltage | Current | Temperature | Capacity | WhAccu | Cnt | Unnamed: 14
610_Cap_1C.csv,28,15,Time Stamp | Step | Status | Prog Time | Step Time | Cycle | Cycle Level | Procedure | Voltage | Current | Temperature | Capacity | WhAccu | Cnt | Unnamed: 14
610_Charge1.csv,28,15,Time Stamp | Step | Status | Prog Time | Step Time | Cycle | Cycle Level | Procedure | Voltage | Current | Temperature | Capacity | WhAccu | Cnt | Unnamed: 14
610_Charge2.csv,28,15,Time Stamp | Step | Status | Prog Time | Step Time | Cycle | Cycle Level | Procedure | Voltage | Current | Temperature | Capacity | WhAccu | Cnt | Unnamed: 14
610_Charge3.csv,28,15,Time Stamp | Step | Status | Prog Time | Step Time | Cycle | Cycle Level | Procedure | Voltage | Current | Temperature | Capacity | WhAccu | Cnt | Unnamed: 14
610_Charge4.csv,28,15,Time Stamp | Step | Status | Prog Time | Step Time | Cycle | Cycle Level | Procedure | Voltage | Current | Temperature | Capacity | WhAccu | Cnt | Unnamed: 14
610_Charge5.csv,28,15,Time Stamp | Step | Status | Prog Time | Step Time | Cycle | Cycle Level | Procedure | Voltage | Current | Temperature | Capacity | WhAccu | Cnt | Unnamed: 14
610_Charge6.csv,28,15,Time Stamp | Step | Status | Prog Time | Step Time | Cycle | Cycle Level | Procedure | Voltage | Current | Temperature | Capacity | WhAccu | Cnt | Unnamed: 14
610_Charge7.csv,28,15,Time Stamp | Step | Status | Prog Time | Step Time | Cycle | Cycle Level | Procedure | Voltage | Current | Temperature | Capacity | WhAccu | Cnt | Unnamed: 14
610_Charge8.csv,28,15,Time Stamp | Step | Status | Prog Time | Step Time | Cycle | Cycle Level | Procedure | Voltage | Current | Temperature | Capacity | WhAccu | Cnt | Unnamed: 14
610_HWFET.csv,28,15,Time Stamp | Step | Status | Prog Time | Step Time | Cycle | Cycle Level | Procedure | Voltage | Current | Temperature | Capacity | WhAccu | Cnt | Unnamed: 14
610_LA92.csv,28,15,Time Stamp | Step | Status | Prog Time | Step Time | Cycle | Cycle Level | Procedure | Voltage | Current | Temperature | Capacity | WhAccu | Cnt | Unnamed: 14
610_Mixed1.csv,28,15,Time Stamp | Step | Status | Prog Time | Step Time | Cycle | Cycle Level | Procedure | Voltage | Current | Temperature | Capacity | WhAccu | Cnt | Unnamed: 14
610_Mixed2.csv,28,15,Time Stamp | Step | Status | Prog Time | Step Time | Cycle | Cycle Level | Procedure | Voltage | Current | Temperature | Capacity | WhAccu | Cnt | Unnamed: 14
610_UDDS.csv,28,15,Time Stamp | Step | Status | Prog Time | Step Time | Cycle | Cycle Level | Procedure | Voltage | Current | Temperature | Capacity | WhAccu | Cnt | Unnamed: 14
610_US06.csv,28,15,Time Stamp | Step | Status | Prog Time | Step Time | Cycle | Cycle Level | Procedure | Voltage | Current | Temperature | Capacity | WhAccu | Cnt | Unnamed: 14
611_Cap_1C.csv,28,15,Time Stamp | Step | Status | Prog Time | Step Time | Cycle | Cycle Level | Procedure | Voltage | Current | Temperature | Capacity | WhAccu | Cnt | Unnamed: 14
611_Charge10.csv,28,15,Time Stamp | Step | Status | Prog Time | Step Time | Cycle | Cycle Level | Procedure | Voltage | Current | Temperature | Capacity | WhAccu | Cnt | Unnamed: 14
611_Charge11.csv,28,15,Time Stamp | Step | Status | Prog Time | Step Time | Cycle | Cycle Level | Procedure | Voltage | Current | Temperature | Capacity | WhAccu | Cnt | Unnamed: 14
611_Charge12.csv,28,15,Time Stamp | Step | Status | Prog Time | Step Time | Cycle | Cycle Level | Procedure | Voltage | Current | Temperature | Capacity | WhAccu | Cnt | Unnamed: 14
611_Charge13.csv,28,15,Time Stamp | Step | Status | Prog Time | Step Time | Cycle | Cycle Level | Procedure | Voltage | Current | Temperature | Capacity | WhAccu | Cnt | Unnamed: 14
611_Charge14.csv,28,15,Time Stamp | Step | Status | Prog Time | Step Time | Cycle | Cycle Level | Procedure | Voltage | Current | Temperature | Capacity | WhAccu | Cnt | Unnamed: 14
611_Charge15.csv,28,15,Time Stamp | Step | Status | Prog Time | Step Time | Cycle | Cycle Level | Procedure | Voltage | Current | Temperature | Capacity | WhAccu | Cnt | Unnamed: 14
611_Charge17.csv,28,15,Time Stamp | Step | Status | Prog Time | Step Time | Cycle | Cycle Level | Procedure | Voltage | Current | Temperature | Capacity | WhAccu | Cnt | Unnamed: 14
611_Charge9.csv,28,15,Time Stamp | Step | Status | Prog Time | Step Time | Cycle | Cycle Level | Procedure | Voltage | Current | Temperature | Capacity | WhAccu | Cnt | Unnamed: 14
611_Mixed3.csv,28,15,Time Stamp | Step | Status | Prog Time | Step Time | Cycle | Cycle Level | Procedure | Voltage | Current | Temperature | Capacity | WhAccu | Cnt | Unnamed: 14
611_Mixed4.csv,28,15,Time Stamp | Step | Status | Prog Time | Step Time | Cycle | Cycle Level | Procedure | Voltage | Current | Temperature | Capacity | WhAccu | Cnt | Unnamed: 14
611_Mixed5.csv,28,15,Time Stamp | Step | Status | Prog Time | Step Time | Cycle | Cycle Level | Procedure | Voltage | Current | Temperature | Capacity | WhAccu | Cnt | Unnamed: 14
611_Mixed6.csv,28,15,Time Stamp | Step | Status | Prog Time | Step Time | Cycle | Cycle Level | Procedure | Voltage | Current | Temperature | Capacity | WhAccu | Cnt | Unnamed: 14
611_Mixed7.csv,28,15,Time Stamp | Step | Status | Prog Time | Step Time | Cycle | Cycle Level | Procedure | Voltage | Current | Temperature | Capacity | WhAccu | Cnt | Unnamed: 14
611_Mixed8.csv,28,15,Time Stamp | Step | Status | Prog Time | Step Time | Cycle | Cycle Level | Procedure | Voltage | Current | Temperature | Capacity | WhAccu | Cnt | Unnamed: 14
611_PausCycl.csv,28,15,Time Stamp | Step | Status | Prog Time | Step Time | Cycle | Cycle Level | Procedure | Voltage | Current | Temperature | Capacity | WhAccu | Cnt | Unnamed: 14
